Title_id,Title,Disney_rank
473,Lab Rats,
517,America's Funniest Home Videos,
564,Brain Games,
592,Jessie,
847,PJ Masks,
945,Best Friends Whenever,
1936,The Simpsons,
1949,Gravity Falls,
2035,Marvel's Runaways,
2175,Star vs. the Forces of Evil,
2266,X-Men: Evolution,
2269,Good Luck Charlie,
2411,K.C. Undercover,
2412,Doug,
2423,Life Below Zero,
2459,Running Wild with Bear Grylls,
2478,The Incredible Dr. Pol,
2681,Doc McStuffins,
2833,Handy Manny,
3052,Sheriff Callie's Wild West,
3122,Henry Hugglemonster,
3198,Holiday Magic,
3253,Out There with Jack Randall,
3368,Lost Treasures of Egypt,
5456,The Mandalorian,
5457,Star Wars: The Clone Wars,
5458,Marvel's Agent Carter,
5459,Star Wars Rebels,
5460,DuckTales,
5461,X-Men,
5462,One Strange Rock,
5463,Spider-Man,
5464,High School Musical: The Musical: The Series,
5465,Boy Meets World,
5466,The Imagineering Story,
5467,Phineas and Ferb,
5468,DuckTales,
5469,Wizards of Waverly Place,
5470,Lizzie McGuire,
5471,Kim Possible,
5472,Recess,
5473,Wolverine and the X-Men,
5474,That's So Raven,
5475,The Avengers: Earth's Mightiest Heroes,
5476,The World According to Jeff Goldblum,
5477,Gargoyles,
5478,Chip 'n' Dale Rescue Rangers,
5479,The Suite Life of Zack & Cody,
5480,Girl Meets World,
5481,Darkwing Duck,
5482,Marvel's Ultimate Spider-Man,
5483,Disney Gallery / Star Wars: The Mandalorian,
5484,TRON: Uprising,
5485,The Suite Life on Deck,
5486,TaleSpin,
5487,Gordon Ramsay: Uncharted,
5488,The Muppets,
5489,Disney's Adventures of the Gummi Bears,
5490,Rapunzel's Tangled Adventure,
5491,Mickey Mouse Clubhouse,
5492,Hannah Montana,
5493,Kickin' It,
5494,Violetta,
5495,Marvel's Avengers Assemble,
5496,I am Luna,
5497,Even Stevens,
5498,Austin & Ally,
5499,Star Wars Resistance,
5500,Prop Culture,
5501,Andi Mack,
5502,Sonny with a Chance,
5503,The New Adventures of Winnie the Pooh,
5504,Dog Whisperer,
5505,Little Einsteins,
5506,Raven's Home,
5507,Marvel's Inhumans,
5508,Marvel's Spider-Man,
5509,So Weird,
5510,Diary of a Future President,
5511,Timon & Pumbaa,
5512,Milo Murphy's Law,
5513,Shake It Up,
5514,Marvel's Guardians of the Galaxy,
5515,Lilo & Stitch: The Series,
5516,Hercules,
5517,Wicked Tuna,
5518,Encore!,
5519,Big City Greens,
5520,Phil of the Future,
5521,The Proud Family,
5522,Elena of Avalor,
5523,Spider-Man Unlimited,
5524,Amphibia,
5525,Iron Man: Armored Adventures,
5526,Dr. K's Exotic Animal ER,
5527,Spider-Man and His Amazing Friends,
5528,Big Hero 6 The Series,
5529,Goof Troop,
5530,Sydney to the Max,
5531,The Super Hero Squad Show,
5532,Puppy Dog Pals,
5533,The Incredible Hulk,
5534,One Day at Disney,
5535,Quack Pack,
5536,I Didn't Do It,
5537,The Emperor's New School,
5538,Coop & Cami Ask The World,
5539,Hostile Planet,
5540,Stuck in the Middle,
5541,Bonkers,
5542,Fantastic Four: World's Greatest Heroes,
5543,Randy Cunningham: 9th Grade Ninja,
5544,Fantastic Four,
5545,Silver Surfer,
5546,My Friends Tigger & Pooh,
5547,Imagination Movers,
5548,Out of the Box,
5549,Vampirina,
5550,The Lion Guard,
5551,"Dr. Oakley, Yukon Vet",
5552,Marvel’s Hulk and the Agents of S.M.A.S.H,
5553,Primal Survivor,
5554,Crash & Bernstein,
5555,Jake and the Never Land Pirates,
5556,Car S.O.S.,
5557,Lab Rats: Elite Force,
5558,JONAS,
5559,Iron Man,
5560,Mighty Ducks: The Animated Series,
5561,Fish Hooks,
5562,Evermoor,
5563,Short Circuit,
5564,Lego Star Wars: Droid Tales,
5565,The Replacements,
5566,Pick of the Litter,
5567,Muppet Babies,
5568,Fancy Nancy,
5569,Mickey and the Roadster Racers,
5570,It's A Dog's Life,
5571,Pixar in Real Life,
5572,Secrets of the Zoo,
5573,The Lodge,
5574,Kingdom of the White Wolf,
5575,Legend of the Three Caballeros,
5576,Marvel's Hero Project,
5577,Be our Chef,
5578,Shop Class,
5579,Spin and Marty,
5580,The Book of Pooh,
5581,Great Migrations,
5582,Year Million,
5583,Origins: The Journey of Humankind,
5584,Bizaardvark,
5585,The Avengers: United They Stand,
5586,Spider-Woman,
5587,Dog: Impossible,
5588,America's National Parks,
5589,Kirby Buckets,
5590,LEGO Star Wars: All-Stars,
5591,Fast Layne,
5592,Teacher's Pet,
5593,Unlikely Animal Friends,
5594,Secrets of the Zoo: Tampa,
5595,Marvel Super Hero Adventures,
5596,Disney Family Sundays,
5597,Birth of Europe,
5598,Buried Secrets of the Bible with Albert Lin,
5599,Billy Dilley's Super-Duper Subterranean Summer,
5600,Rocky Mountain Animal Rescue,
5601,Prairie Dog Manor,
5602,Disney Junior Music Nursery Rhymes,
5603,Bug Juice: My Adventures at Camp,
5604,Disney Insider,
5605,Lost Treasures of the Maya,
5606,Awesome Animals,
5607,Tut's Treasures: Hidden Secrets,
5608,Paradise Islands,
5609,Wild Russia,
5610,Love & Vets,
5611,United States of Animals,
5707,Saving Mr. Banks,
5715,Amy,
5734,Bolt,
5737,The Princess and the Frog,
5762,Miracle,
6094,White Fang,
6336,Chicken Little,
7259,Diana: In Her Own Words,
7373,The Little Mermaid,
7388,Zapped,
9192,Free Solo,
9291,Jane,
9386,The Hunchback of Notre Dame,
9466,Teen Spirit,
9572,The Kid,
9925,Inside Out,
10050,The Avengers,
10066,Thor,
10067,Captain America: The First Avenger,
10074,Iron Man 2,
10776,Robin Hood,
11010,The Three Musketeers,
11013,Empire of Dreams: The Story of the Star Wars Trilogy,
12104,Cinderella,
12467,Starstruck,
12572,Elephant,
14184,Noelle,
14940,The Prince and the Pauper,
15414,"20,000 Leagues Under the Sea",
15714,Bears,
17150,The Swap,
18329,Sleeping Beauty,
21824,Star Wars: A New Hope,
21825,Star Wars: The Empire Strikes Back,
21826,The Lion King,
21827,Toy Story,
21828,Avengers: Endgame,
21829,WALL·E,
21830,Up,
21831,Guardians of the Galaxy,
21832,Finding Nemo,
21833,Coco,
21834,Toy Story 3,
21835,"Monsters, Inc.",
21836,Star Wars: Return of the Jedi,
21837,Zootopia,
21838,Star Wars: The Force Awakens,
21839,Captain America: Civil War,
21840,Thor: Ragnarok,
21841,The Princess Bride,
21842,Ratatouille,
21843,Captain America: The Winter Soldier,
21844,Aladdin,
21845,Toy Story 2,
21846,The Incredibles,
21847,Pirates of the Caribbean: The Curse of the Black Pearl,
21848,Avatar,
21849,Big Hero 6,
21850,Doctor Strange,
21851,Guardians of the Galaxy Vol. 2,
21852,Rogue One: A Star Wars Story,
21853,Toy Story 4,
21854,Moana,
21855,Frozen,
21856,The Nightmare Before Christmas,
21857,Black Panther,
21858,Tangled,
21859,Wreck-It Ralph,
21860,Ant-Man,
21861,Onward,
21862,Avengers: Age of Ultron,
21863,Mary Poppins,
21864,Finding Dory,
21865,Who Framed Roger Rabbit,
21866,Mulan,
21867,Iron Man 3,
21868,The Sound of Music,
21869,Ice Age,
21870,Cars,
21871,Snow White and the Seven Dwarfs,
21872,Monsters University,
21873,Frozen II,
21874,Togo,
21875,A Bug's Life,
21876,The Jungle Book,
21877,Remember the Titans,
21878,Brave,
21879,The Simpsons Movie,
21880,Fantasia,
21881,The Emperor's New Groove,
21882,The Straight Story,
21883,One Hundred and One Dalmatians,
21884,Lady and the Tramp,
21885,Pinocchio,
21886,Thor: The Dark World,
21887,Star Wars: The Last Jedi,
21888,Lilo & Stitch,
21889,Star Wars: The Rise of Skywalker,
21890,Pirates of the Caribbean: Dead Man's Chest,
21891,Bambi,
21892,Captain Marvel,
21893,Alice in Wonderland,
21894,Peter Pan,
21895,"The Chronicles of Narnia: The Lion, the Witch and the Wardrobe",
21896,Miracle on 34th Street,
21897,Pirates of the Caribbean: At World's End,
21898,The Many Adventures of Winnie the Pooh,
21899,Star Wars: Episode II - Attack of the Clones,
21900,The Muppet Movie,
21901,Mickey's Christmas Carol,
21902,Star Wars: Episode I - The Phantom Menace,
21903,Cool Runnings,
21904,The Parent Trap,
21905,The Muppet Christmas Carol,
21906,Treasure Planet,
21907,The Fox and the Hound,
21908,Holes,
21909,Pete's Dragon,
21910,The Good Dinosaur,
21911,Frankenweenie,
21912,Tron,
21913,Winnie the Pooh,
21914,TRON: Legacy,
21915,The Sword in the Stone,
21916,The Aristocats,
21917,Cars 3,
21918,Queen of Katwe,
21919,Homeward Bound: The Incredible Journey,
21920,Maleficent: Mistress of Evil,
21921,Before the Flood,
21922,The Chronicles of Narnia: Prince Caspian,
21923,The Great Mouse Detective,
21924,Flight of the Navigator,
21925,James and the Giant Peach,
21926,Willow,
21927,Meet the Robinsons,
21928,Star Wars: Episode III - Revenge of the Sith,
21929,Fantasia 2000,
21930,Tinker Bell,
21931,The Rescuers,
21932,Eight Below,
21933,Invincible,
21934,Sister Act,
21935,John Carter,
21936,Freaky Friday,
21937,The Santa Clause,
21938,Descendants,
21939,Old Yeller,
21940,"Honey, I Shrunk the Kids",
21941,Phineas and Ferb the Movie: Across the 2nd Dimension,
21942,Pirates of the Caribbean: On Stranger Tides,
21943,The BFG,
21944,The Princess Diaries,
21945,National Treasure: Book of Secrets,
21946,The Finest Hours,
21947,DuckTales: The Movie - Treasure of the Lost Lamp,
21948,A Goofy Movie,
21949,The Greatest Game Ever Played,
21950,The Lion King 1½,
21951,The Lion King II: Simba's Pride,
21952,The Adventures of Ichabod and Mr. Toad,
21953,Tinker Bell and the Lost Treasure,
21954,Bedknobs and Broomsticks,
21955,Hocus Pocus,
21956,Secretariat,
21957,Darby O'Gill and the Little People,
21958,Muppet Treasure Island,
21959,The Rescuers Down Under,
21960,The Rocketeer,
21961,High School Musical,
21962,Atlantis: The Lost Empire,
21963,The Great Muppet Caper,
21964,Teen Beach Movie,
21965,Journey to the Center of the Earth,
21966,Pollyanna,
21967,High School Musical 2,
21968,Halloweentown,
21969,Brother Bear,
21970,Millions,
21971,Muppets Most Wanted,
21972,The Journey of Natty Gann,
21973,Secret of the Wings,
21974,Cars 2,
21975,Tinker Bell and the Great Fairy Rescue,
21976,Descendants 2,
21977,Adventures in Babysitting,
21978,Dinosaur,
21979,Dumbo,
21980,The Color of Friendship,
21981,Oliver & Company,
21982,Monkey Kingdom,
21983,"Davy Crockett, King of the Wild Frontier",
21984,The Three Caballeros,
21985,That Darn Cat!,
21986,African Cats,
21987,Newsies,
21988,3 Men and a Baby,
21989,Tuck Everlasting,
21990,The Incredible Journey,
21991,The Love Bug,
21992,High School Musical 3: Senior Year,
21993,Return to Oz,
21994,Blackbeard's Ghost,
21995,Chimpanzee,
21996,The Absent-Minded Professor,
21997,Camp Rock,
21998,Penguins,
21999,Pooh's Heffalump Movie,
22000,Turner & Hooch,
22001,Glory Road,
22002,Princess Protection Program,
22003,Science Fair,
22004,Greyfriars Bobby: The True Story of a Dog,
22005,Diary of a Wimpy Kid,
22006,The Odd Life of Timothy Green,
22007,Splash,
22008,The Princess Diaries 2: Royal Engagement,
22009,The Black Cauldron,
22010,The Game Plan,
22011,Cinderella III: A Twist in Time,
22012,Waking Sleeping Beauty,
22013,The Tigger Movie,
22014,Escape to Witch Mountain,
22015,Timmy Failure: Mistakes Were Made,
22016,101 Dalmatians,
22017,The Last Song,
22018,George of the Jungle,
22019,Frank and Ollie,
22020,The Santa Clause 2,
22021,Heavyweights,
22022,Ice Princess,
22023,Bedtime Stories,
22024,Cheaper by the Dozen,
22025,An Extremely Goofy Movie,
22026,Twitches,
22027,Iron Will,
22028,Aladdin and the King of Thieves,
22029,Piglet's Big Movie,
22030,Because of Winn-Dixie,
22031,Fun and Fancy Free,
22032,Mickey's Once Upon a Christmas,
22033,Deep Blue,
22034,Red Tails,
22035,Lilo & Stitch 2: Stitch Has a Glitch,
22036,Ruby Bridges,
22037,Doctor Dolittle,
22038,Brother Bear 2,
22039,Camp Rock 2: The Final Jam,
22040,Recess: School's Out,
22041,The Adventures of Huck Finn,
22042,Lemonade Mouth,
22043,The Crimson Wing: Mystery of the Flamingos,
22044,Big Business,
22045,Melody Time,
22046,Bambi II,
22047,The Cheetah Girls,
22048,Hannah Montana: The Movie,
22049,Herbie Rides Again,
22050,Descendants 3,
22051,Olaf's Frozen Adventure,
22052,The Apple Dumpling Gang,
22053,Newsies: The Broadway Musical,
22054,101 Dalmatians II: Patch's London Adventure,
22055,Saludos Amigos,
22056,Mighty Joe Young,
22057,Thumbelina,
22058,The Lizzie McGuire Movie,
22059,The Cat from Outer Space,
22060,Rookie of the Year,
22061,Sister Act 2: Back in the Habit,
22062,Homeward Bound II: Lost in San Francisco,
22063,Jump In!,
22064,Roving Mars,
22065,The Black Hole,
22066,Lady and the Tramp II: Scamp's Adventure,
22067,Around the World in 80 Days,
22068,Luxo Jr.,
22069,Flubber,
22070,The Return of Jafar,
22071,Aliens of the Deep,
22072,"Mickey, Donald, Goofy: The Three Musketeers",
22073,The Little Mermaid: Ariel's Beginning,
22074,The Cheetah Girls 2: When in Spain,
22075,Pooh's Grand Adventure: The Search for Christopher Robin,
22076,Jack,
22077,Stargirl,
22078,Return to Never Land,
22079,The Shaggy Dog,
22080,Herbie Goes to Monte Carlo,
22081,Home on the Range,
22082,The Little Mermaid II: Return to the Sea,
22083,The Cheetah Girls: One World,
22084,Leroy & Stitch,
22085,Herbie Fully Loaded,
22086,Let It Shine,
22087,Wizards of Waverly Place: The Movie,
22088,A Wrinkle in Time,
22089,Benji the Hunted,
22090,Recess: Taking the Fifth Grade,
22091,The Even Stevens Movie,
22092,Marvel Rising: Secret Warriors,
22093,Mars Needs Moms,
22094,Sharpay's Fabulous Adventure,
22095,The Wizards Return: Alex vs. Alex,
22096,Home Alone 3,
22097,3 Men and a Little Lady,
22098,Beauty and the Beast: The Enchanted Christmas,
22099,Annie,
22100,Tiger Cruise,
22101,Stitch! The Movie,
22102,Babes in Toyland,
22103,Brink!,
22104,Tall Tale,
22105,"Good Luck Charlie, It's Christmas!",
22106,G-Force,
22107,Cloud 9,
22108,Geek Charming,
22109,Snow Dogs,
22110,Mulan II,
22111,Dr. Dolittle 2,
22112,Kim Possible Movie: So the Drama,
22113,Camp Nowhere,
22114,Honey I Blew Up the Kid,
22115,Steamboat Willie,
22116,Motocrossed,
22117,One Magic Christmas,
22118,The Computer Wore Tennis Shoes,
22119,Halloweentown II: Kalabar's Revenge,
22120,102 Dalmatians,
22121,The Santa Clause 3: The Escape Clause,
22122,Teen Beach 2,
22123,Return from Witch Mountain,
22124,Kitbull,
22125,Tru Confessions,
22126,Treasure Island,
22127,Prom,
22128,Mickey's Twice Upon a Christmas,
22129,Zenon: Girl of the 21st Century,
22130,The Wild,
22131,Halloweentown High,
22132,Valiant,
22133,Candleshoe,
22134,The Haunted Mansion,
22135,Twitches Too,
22136,Jungle 2 Jungle,
22137,Hannah Montana & Miley Cyrus: Best of Both Worlds Concert,
22138,The Ugly Dachshund,
22139,Kronk's New Groove,
22140,Marvel Studios: Assembling a Universe,
22141,Smart House,
22142,Cadet Kelly,
22143,Z-O-M-B-I-E-S,
22144,Tom and Huck,
22145,Young Black Stallion,
22146,Tangled: Before Ever After,
22147,The Reluctant Dragon,
22148,Pocahontas II: Journey to a New World,
22149,Cheetah,
22150,Avalon High,
22151,The Fox and the Hound 2,
22152,"Honey, We Shrunk Ourselves",
22153,How to Build a Better Boy,
22154,The Jungle Book 2,
22155,The Luck of the Irish,
22156,Tin Toy,
22157,Return to Halloweentown,
22158,Winnie the Pooh: A Very Merry Pooh Year,
22159,Johnny Tsunami,
22160,The Disney Family Singalong,
22161,Don't Look Under the Bed,
22162,I'll Be Home for Christmas,
22163,Invisible Sister,
22164,Confessions of a Teenage Drama Queen,
22165,The Shaggy D.A.,
22166,Minutemen,
22167,Shipwrecked,
22168,Into the Okavango,
22169,Winnie the Pooh: Springtime with Roo,
22170,12 Dates of Christmas,
22171,Cow Belles,
22172,The Brave Little Toaster to the Rescue,
22173,Blank Check,
22174,Cinderella II: Dreams Come True,
22175,The Thirteenth Year,
22176,Phineas and Ferb: Star Wars,
22177,Belle's Magical World,
22178,Davy Crockett and the River Pirates,
22179,The Suite Life Movie,
22180,Lamp Life,
22181,Tarzan & Jane,
22182,Bad Hair Day,
22183,Operation Dumbo Drop,
22184,The Story of Robin Hood and His Merrie Men,
22185,Read It and Weep,
22186,The Living Desert,
22187,Herbie Goes Bananas,
22188,Mr. Boogedy,
22189,Double Teamed,
22190,The Brave Little Toaster Goes to Mars,
22191,First Kid,
22192,The Adventures of Bullwhip Griffin,
22193,The Proud Family Movie,
22194,Phineas and Ferb: Mission Marvel,
22195,Go Figure,
22196,Stuck in the Suburbs,
22197,Ice Age: The Great Egg-Scapade,
22198,College Road Trip,
22199,Girl vs. Monster,
22200,Going to the Mat,
22201,Right on Track,
22202,Life with Mikey,
22203,Wendy Wu: Homecoming Warrior,
22204,"Marvel: 75 Years, From Pulp to Pop!",
22205,The Small One,
22206,Phantom of the Megaplex,
22207,The Apple Dumpling Gang Rides Again,
22208,Mom's Got a Date with a Vampire,
22209,Atlantis: Milo's Return,
22210,Snowball Express,
22211,Sacred Planet,
22212,The Hunchback of Notre Dame II,
22213,Rip Girls,
22214,MARS: Inside SpaceX,
22215,Zenon: The Zequel,
22216,Wings of Life,
22217,Get a Clue,
22218,Hatching Pete,
22219,Apollo: Missions to the Moon,
22220,Pixel Perfect,
22221,The Vanishing Prairie,
22222,Alley Cats Strike,
22223,Life-Size 2,
22224,Johnny Kapahala - Back on Board,
22225,Jumping Ship,
22226,The Million Dollar Duck,
22227,Frenemies,
22228,Eddie's Million Dollar Cook Off,
22229,Babes in the Woods,
22230,America's Heart and Soul,
22231,The Mistle-Tones,
22232,A Ring of Endless Light,
22233,The Other Me,
22234,"Up, Up, and Away",
22235,Dolphin Reef,
22236,Gus,
22237,Almost Angels,
22238,Gotta Kick It Up!,
22239,The African Lion,
22240,Horse Sense,
22241,Snowglobe,
22242,Once Upon A Mattress,
22243,Jonas Brothers: The Concert Experience,
22244,You Wish!,
22245,The Country Bears,
22246,A Celebration of the Music from Coco,
22247,In the Footsteps of Elephant,
22248,Out of Scale,
22249,Inspector Gadget 2,
22250,Zenon: Z3,
22251,Den Brother,
22252,Miracle In Lane 2,
22253,Three Days,
22254,Atlantis Rising,
22255,Doug's 1st Movie,
22256,The Strongest Man in the World,
22257,Titanic: 20 Years Later with James Cameron,
22258,Quints,
22259,Breaking2,
22260,Life Is Ruff,
22261,Jungle Cat,
22262,Under the Sea: A Descendants Story,
22263,Santa Paws 2: The Santa Pups,
22264,Dadnapped,
22265,Bride of Boogedy,
22266,Into the Grand Canyon,
22267,The Ultimate Christmas Present,
22268,Diving with Dolphins,
22269,A Kid in King Arthur's Court,
22270,Marvel Rising: Chasing Ghosts,
22271,Super Buddies,
22272,The Sandlot: Heading Home,
22273,Marvel Rising: Heart of Iron,
22274,The Secret of the Magic Gourd,
22275,Recess: All Growed Down,
22276,The Scream Team,
22277,Perri,
22278,Penguins: Life on the Edge,
22279,High School Musical: The Musical: The Series: The Special,
22280,Buffalo Dreams,
22281,Full-Court Miracle,
22282,Twas the Night,
22283,George of the Jungle 2,
22284,The Plausible Impossible,
22285,Miracle at Midnight,
22286,Iron Man & Hulk: Heroes United,
22287,Stepsister from Planet Weird,
22288,Expedition Mars,
22289,That Darn Cat,
22290,Those Calloways,
22291,The Sign of Zorro,
22292,Decorating Disney: Holiday Magic,
22293,Treasure of Matecumbe,
22294,The Christmas Star,
22295,Stonehenge: Decoded,
22296,Marvel Rising: Operation Shuri,
22297,Emil and the Detectives,
22298,Marvel Rising: Battle of the Bands,
22299,Kazaam,
22300,Marvel Rising: Playing with Fire,
22301,Nature's Half Acre,
22302,Ready to Run,
22303,You Lucky Dog,
22304,Water Birds,
22305,The Flood,
22306,Skyrunners,
22307,The Lost Tomb of Alexander the Great,
22308,Drain the Great Lakes,
22309,Disney's Fairy Tale Weddings,
22310,Paris to Pittsburgh,
22311,A Tale of Two Critters,
22312,Drain the Titanic,
22313,Fuzzbucket,
22314,Trail of the Panda,
22315,Secrets of Christ's Tomb: Explorer Special,
22316,"Sammy, the Way-Out Seal",
22317,Meet the Deedles,
22318,Justin Morgan Had a Horse,
22319,The Biscuit Eater,
22320,Miracle Landing on the Hudson,
22321,Prowlers of the Everglades,
22322,The Castaway Cowboy,
22323,Casebusters,
22324,Mission to the Sun,
22325,Drain the Bermuda Triangle,
22326,Drain The Ocean: WWII,
22327,Hounded,
22328,Yellowstone Cubs,
22329,Kingdom of the Blue Whale,
22330,Viking Warrior Women,
22331,Pocahontas,
22332,Drain Alcatraz,
22333,The Spaceman and King Arthur,
22334,Secrets of Life,
22335,Hacksaw,
22336,Can of Worms,
22337,My Dog the Thief,
22338,Richie Rich's Christmas Wish,
22339,The Jungle Book: Mowgli's Story,
22340,How Dogs Got Their Shapes,
22341,Drain The Sunken Pirate City,
22342,Bizarre Dinosaurs,
22343,Earth Live,
22344,The Boy Who Talked to Badgers,
22345,Sea of Hope: America's Underwater Treasures,
22346,Sultan And The Rock Star,
22347,Secrets of the King Cobra,
22348,Winged Seduction: Birds of Paradise,
22349,The Bears and I,
22350,Whispers: An Elephant's Tale,
22351,The Ghosts of Buxley Hall,
22352,The Poof Point,
22353,Sharks of Lost Island,
22354,Man Among Cheetahs,
22355,In Beaver Valley,
