Title_id,Title,Hulu_rank
14,Attack on Titan,
16,Fullmetal Alchemist: Brotherhood,
17,Community,
19,Parks and Recreation,
23,Twin Peaks,
24,One-Punch Man,
28,The Good Place,
36,Grey's Anatomy,
38,Arrested Development,
43,How to Get Away with Murder,
55,Family Guy,
56,Pretty Little Liars,
60,The Twilight Zone,
64,Star Trek: The Next Generation,
72,The Good Wife,
86,Death Note,
89,Burn Notice,
94,American Horror Story,
100,Star Trek,
104,Good Girls,
124,Mushi-Shi,
129,Hunter x Hunter,
133,Naruto,
141,Star Trek: Deep Space Nine,
152,Law & Order: Special Victims Unit,
159,Mystery Science Theater 3000,
180,Star Trek: Voyager,
185,Bleach,
194,Haikyu!!,
203,Soul Eater,
206,Merlin,
212,Absolutely Fabulous,
214,Malcolm in the Middle,
222,Case Closed,
230,Fairy Tail,
241,Pokémon,
242,Cheers,
244,Star Trek: Enterprise,
252,JoJo's Bizarre Adventure,
268,ERASED,
280,Rurouni Kenshin,
282,InuYasha,
287,Descendants of the Sun,
290,Your Lie in April,
291,Ancient Aliens,
292,Sword Art Online,
306,Parasyte -the maxim-,
320,Private Practice,
322,Akame ga Kill!,
338,Rake,
347,H2O: Just Add Water,
351,Black Butler,
368,Animaniacs,
385,CSI: Miami,
411,My Little Pony: Friendship Is Magic,
417,Ouran High School Host Club,
419,The Curse of Oak Island,
434,Clannad,
447,We Bare Bears,
456,Vampire Knight,
459,Taken,
461,Forensic Files,
467,Magi,
503,Is It Wrong to Try to Pick Up Girls in a Dungeon?,
517,America's Funniest Home Videos,
522,Durarara!!,
524,Puella Magi Madoka Magica,
526,Maid Sama!,
529,Boys Over Flowers,
536,Fate/stay night [Unlimited Blade Works],
563,Fate/stay night,
571,Yu-Gi-Oh!,
572,Blue Exorcist,
595,K-ON!,
611,"Drugs, Inc.",
615,"Love, Chunibyo & Other Delusions",
639,The Cleveland Show,
640,Monthly Girls' Nozaki-kun,
647,The Code,
674,Offspring,
686,Billy on the Street,
687,Cold Case Files,
701,Sonic x,
704,Girls und Panzer,
730,Hoarders,
744,Champions,
789,Sword Art Online Alternative: Gun Gale Online,
797,Hellevator,
833,"Acero, Woman of Steel",
851,Ultraviolet,
877,Hangar 1: The UFO Files,
879,Marlon,
908,The Dick Van Dyke Show,
924,Pocoyo,
927,Skin Wars,
928,Dueños del Paraíso,
935,Great British Menu,
960,Nazi Megastructures,
967,El Clon,
997,Yu-Gi-Oh! Arc-V,
1000,America's Book of Secrets,
1024,Fated to Love You,
1026,The Bachelor,
1040,Rabbids Invasion,
1125,Chuggington,
1128,Steampunk'd,
1225,Nura: Rise of the Yokai Clan,
1259,Oddbods,
1322,Yu-Gi-Oh! Zexal,
1341,Inside the Criminal Mind,
1356,LEGO Friends,
1389,The New Adventures of Figaro Pho,
1392,Monster Fish,
1481,The Rap Game,
1557,Jack Hanna's Into the Wild,
1563,Polly Pocket,
1575,Corazón Valiente,
1605,Pororo the Little Penguin,
1658,Tayo the Little Bus,
1932,Rick and Morty,
1933,Fargo,
1934,Vikings,
1935,Brooklyn Nine-Nine,
1936,The Simpsons,
1937,Lost,
1938,Prison Break,
1939,Modern Family,
1940,Firefly,
1941,Seinfeld,
1942,It's Always Sunny in Philadelphia,
1943,Killing Eve,
1944,South Park,
1945,How I Met Your Mother,
1946,Futurama,
1947,The Handmaid's Tale,
1948,Sons of Anarchy,
1949,Gravity Falls,
1950,What We Do in the Shadows,
1951,Archer,
1952,This Is Us,
1953,Pride and Prejudice,
1954,Justified,
1955,Scrubs,
1956,The X-Files,
1957,My Hero Academia,
1958,Adventure Time,
1959,24,
1960,White Collar,
1961,Friday Night Lights,
1962,Mr. Bean,
1963,Buffy the Vampire Slayer,
1964,Bob's Burgers,
1965,30 Rock,
1966,Legion,
1967,Elementary,
1968,Taboo,
1969,Atlanta,
1970,The Shield,
1971,Normal People,
1972,The Office,
1973,Black Books,
1974,Naruto Shippūden,
1975,09-01-2001,
1976,Misfits,
1977,Veronica Mars,
1978,11.22.63,
1979,Frasier,
1980,Line of Duty,
1981,Bones,
1982,Steins;Gate,
1983,The Killing,
1984,The Good Doctor,
1985,Preacher,
1986,The Orville,
1987,Peep show,
1988,Desperate Housewives,
1989,RuPaul's Drag Race,
1990,Battlestar Galactica,
1991,Over the Garden Wall,
1992,Revenge,
1993,Tokyo Ghoul,
1994,Superstore,
1995,Lie to Me,
1996,One Piece,
1997,Spaced,
1998,12 Monkeys,
1999,Blue Bloods,
2000,Devs,
2001,The Rookie,
2002,DAVE,
2003,Younger,
2004,Food Wars! Shokugeki no Soma,
2005,Smallville,
2006,Dirk Gently's Holistic Detective Agency,
2007,Broad City,
2008,Workaholics,
2009,Dead Like Me,
2010,Nathan For You,
2011,Angel,
2012,Timeless,
2013,Castle Rock,
2014,Fresh Off the Boat,
2015,You're the Worst,
2016,The Affair,
2017,Elfen Lied,
2018,The Last Ship,
2019,Everybody Hates Chris,
2020,Raising Hope,
2021,Boston Legal,
2022,Cowboy Bebop,
2023,The Terror,
2024,Stargate SG-1,
2025,Future Man,
2026,Inside No. 9,
2027,Zoey's Extraordinary Playlist,
2028,The Strain,
2029,The Venture Bros.,
2030,Demon Slayer: Kimetsu no Yaiba,
2031,The League,
2032,Parenthood,
2033,Samurai Champloo,
2034,Mrs. America,
2035,Marvel's Runaways,
2036,Please Like Me,
2037,My Name Is Earl,
2038,Little Fires Everywhere,
2039,The Act,
2040,Dollhouse,
2041,Southland,
2042,Dragon Ball,
2043,Damages,
2044,Looking for Alaska,
2045,American Dad!,
2046,Legend of the Seeker,
2047,The Exorcist,
2048,Awkward.,
2049,Brockmire,
2050,High Fidelity,
2051,Better Things,
2052,Happy Endings,
2053,Fear the Walking Dead,
2054,TRIGUN,
2055,In the Flesh,
2056,The Bridge,
2057,Chicago P.D.,
2058,Better Off Ted,
2059,The Gifted,
2060,Lethal Weapon,
2061,The Last Man on Earth,
2062,Chicago Fire,
2063,Sleepy Hollow,
2064,Rescue Me,
2065,Horace and Pete,
2066,Snowfall,
2067,Shadowhunters,
2068,Top of the Lake,
2069,Prime Suspect,
2070,Deutschland,
2071,Rizzoli & Isles,
2072,Stargate Universe,
2073,Key & Peele,
2074,The Mighty Boosh,
2075,Blindspot,
2076,Stumptown,
2077,The Mindy Project,
2078,Empire,
2079,Quantum Leap,
2080,The Librarians,
2081,The Middle,
2082,The Resident,
2083,Manifest,
2084,Saturday Night Live,
2085,Survivor,
2086,Nip/Tuck,
2087,New Amsterdam,
2088,Hellsing Ultimate,
2089,Steven Universe,
2090,Drake & Josh,
2091,Ugly Betty,
2092,black-ish,
2093,Marvel's Cloak & Dagger,
2094,Wilfred,
2095,Catch-22,
2096,Stargate Atlantis,
2097,M*A*S*H,
2098,Invader Zim,
2099,For Life,
2100,Wayward Pines,
2101,Sailor Moon,
2102,Home Movies,
2103,Mr Inbetween,
2104,Mayans M.C.,
2105,The Unit,
2106,I Love Lucy,
2107,Nashville,
2108,NYPD Blue,
2109,Ramy,
2110,Don't Trust the B---- in Apartment 23,
2111,MythBusters,
2112,The Goldbergs,
2113,Letterkenny,
2114,Cougar Town,
2115,Regular Show,
2116,Motherland: Fort Salem,
2117,Bunheads,
2118,CSI: Crime Scene Investigation,
2119,One Tree Hill,
2120,Afro Samurai,
2121,Graceland,
2122,Scream Queens,
2123,Genius,
2124,The Looming Tower,
2125,The Promised Neverland,
2126,Pinky and the Brain,
2127,Married... with Children,
2128,Last Man Standing,
2129,Emergence,
2130,Terriers,
2131,UnREAL,
2132,Blackadder,
2133,The Hitchhiker's Guide to the Galaxy,
2134,Witches of East End,
2135,The Wonder Years,
2136,Robot Chicken,
2137,Harlots,
2138,Good Behavior,
2139,The Golden Girls,
2140,RuPaul's Drag Race All Stars,
2141,Will & Grace,
2142,The Outer Limits,
2143,Salem,
2144,The Hot Zone,
2145,Baskets,
2146,Make It or Break It,
2147,The Great,
2148,Sliders,
2149,The Amazing World of Gumball,
2150,A Million Little Things,
2151,Man Seeking Woman,
2152,Wu-Tang: An American Saga,
2153,Ally McBeal,
2154,Siren,
2155,The Detour,
2156,Kaguya-sama: Love is War,
2157,My Mad Fat Diary,
2158,High School DxD,
2159,Face Off,
2160,Mom,
2161,Full House,
2162,ER,
2163,PEN15,
2164,Roseanne,
2165,Touch,
2166,Sesame Street,
2167,Hell's Kitchen,
2168,Shark Tank,
2169,The Baker and the Beauty,
2170,The Amazing Race,
2171,Daria,
2172,War and Peace,
2173,SIX,
2174,Legit,
2175,Star vs. the Forces of Evil,
2176,The Brady Bunch,
2177,Chicago Med,
2178,Ghost Adventures,
2179,Body of Proof,
2180,Roots,
2181,Ghost Whisperer,
2182,Digimon Adventure,
2183,Whitechapel,
2184,Tyrant,
2185,Breeders,
2186,Ben 10,
2187,Alfred Hitchcock Presents,
2188,Solar Opposites,
2189,Everything's Gonna Be Okay,
2190,Roswell,
2191,Casual,
2192,Psycho-Pass,
2193,Boruto: Naruto Next Generations,
2194,Battlestar Galactica,
2195,Chance,
2196,Shameless,
2197,Yu Yu Hakusho,
2198,Jane Eyre,
2199,Dexter's Laboratory,
2200,WWE Raw,
2201,Pretty Little Liars: The Perfectionists,
2202,Greek,
2203,Flashpoint,
2204,The Wrong Mans,
2205,Legends,
2206,Black Clover,
2207,Shrill,
2208,Underground,
2209,The Path,
2210,Lodge 49,
2211,King of the Hill,
2212,Deadliest Catch,
2213,Angie Tribeca,
2214,Prodigal Son,
2215,Single Parents,
2216,S.W.A.T.,
2217,Doc Martin,
2218,Trust,
2219,The Fairly OddParents,
2220,The Glades,
2221,Top Chef,
2222,10 Things I Hate About You,
2223,Teenage Mutant Ninja Turtles,
2224,Das Boot,
2225,Hey Arnold!,
2226,NOS4A2,
2227,Baby Daddy,
2228,Happy Days,
2229,Murdoch Mysteries,
2230,Brothers and Sisters,
2231,Alone,
2232,Twisted,
2233,Making It,
2234,Queen Sugar,
2235,Miranda,
2236,Mary Kills People,
2237,Leah Remini: Scientology and the Aftermath,
2238,America's Next Top Model,
2239,I Am the Night,
2240,Holey Moley,
2241,Kamisama Kiss,
2242,Rascal Does Not Dream of Bunny Girl Senpai,
2243,The Legend of the Blue Sea,
2244,"Sabrina, the Teenage Witch",
2245,The Split,
2246,Airwolf,
2247,Bleak House,
2248,American Housewife,
2249,Monster Musume: Everyday Life with Monster Girls,
2250,Claws,
2251,Metalocalypse,
2252,Highschool of the Dead,
2253,The Musketeers,
2254,The Eric Andre Show,
2255,Noragami,
2256,My Teen Romantic Comedy SNAFU,
2257,The First 48,
2258,Sealab 2021,
2259,Deutschland 86,
2260,Rugrats,
2261,Atlantis,
2262,Reprisal,
2263,The Event,
2264,Danny Phantom,
2265,Life in Pieces,
2266,X-Men: Evolution,
2267,Cardinal,
2268,Spiral,
2269,Good Luck Charlie,
2270,Overlord,
2271,Pawn Stars,
2272,American Gothic,
2273,LEGO Masters,
2274,Anthony Bourdain: No Reservations,
2275,Dawson's Creek,
2276,Taxi,
2277,Bless This Mess,
2278,Forged in Fire,
2279,Schooled,
2280,Robin of Sherwood,
2281,Assassination Classroom,
2282,The Mick,
2283,Yu-Gi-Oh! GX,
2284,The League of Gentlemen,
2285,Black Lagoon,
2286,Silent Witness,
2287,DARLING in the FRANXX,
2288,Diabolik Lovers,
2289,Numb3rs,
2290,The Masked Singer,
2291,Naked and Afraid,
2292,Friday Night Dinner,
2293,Fire Force,
2294,Station 19,
2295,The Future Diary,
2296,Saved by the Bell,
2297,Breakout Kings,
2298,The Ultimate Fighter,
2299,Ergo Proxy,
2300,Saving Hope,
2301,The Bold Type,
2302,Pitch,
2303,How the Universe Works,
2304,Dragon Ball GT,
2305,The Long Road Home,
2306,Crayon Shin-chan,
2307,Intervention,
2308,The Outer Limits,
2309,Outsourced,
2310,60 Days In,
2311,Into the Dark,
2312,Clique,
2313,The Son,
2314,Songland,
2315,Lincoln Rhyme: Hunt for the Bone Collector,
2316,Saving Grace,
2317,90 Day Fiancé,
2318,"Beverly Hills, 90210",
2319,Darker than Black,
2320,MasterChef,
2321,This Country,
2322,Kitchen Nightmares,
2323,90 Day Fiancé: Before the 90 Days,
2324,Remington Steele,
2325,Tyler Perry's If Loving You Is Wrong,
2326,Highlander: The Series,
2327,Lark Rise to Candleford,
2328,Catfish: The TV Show,
2329,Agatha Christie's Marple,
2330,Monogatari,
2331,Project Runway,
2332,The First,
2333,9-1-1: Lone Star,
2334,Sense and Sensibility,
2335,Homicide Hunter: Lt Joe Kenda,
2336,Seraph of the End,
2337,Gangland Undercover,
2338,Party of Five,
2339,Devious Maids,
2340,Digimon Tamers,
2341,Drunk History,
2342,The Penguins of Madagascar,
2343,The Purge,
2344,Survivorman,
2345,Higurashi When They Cry,
2346,Melissa & Joey,
2347,River Monsters,
2348,General Hospital,
2349,Scott & Bailey,
2350,Dollface,
2351,Upstairs Downstairs,
2352,Difficult People,
2353,Apple Tree Yard,
2354,Man vs. Wild,
2355,Good Trouble,
2356,While You Were Sleeping,
2357,Mr. Pickles,
2358,Log Horizon,
2359,DCI Banks,
2360,Prisoners of War,
2361,The Fades,
2362,The Firm,
2363,Fruits Basket,
2364,Adam-12,
2365,Kenichi The Mightiest Disciple,
2366,The Joy of Painting,
2367,Gold Rush,
2368,Lupin the Third,
2369,McLeod's Daughters,
2370,Hill Street Blues,
2371,Brickleberry,
2372,The Tonight Show Starring Jimmy Fallon,
2373,Jeopardy!,
2374,Family Matters,
2375,Foster's Home for Imaginary Friends,
2376,National Treasure,
2377,Kojak,
2378,Time After Time,
2379,Star,
2380,The Marvelous Misadventures of Flapjack,
2381,Expedition Unknown,
2382,I'm Dying Up Here,
2383,Fixer Upper,
2384,The Familiar of Zero,
2385,The Voice,
2386,Wings,
2387,The Cool Kids,
2388,The Pink Panther Show,
2389,The Guardian,
2390,The Conners,
2391,Garfield and Friends,
2392,New Tricks,
2393,Wolfblood,
2394,Fast N' Loud,
2395,A.N.T. Farm,
2396,Shiki,
2397,Real Humans,
2398,What's Wrong with Secretary Kim,
2399,Land of Honor,
2400,Banished,
2401,Samantha Who?,
2402,The Powerpuff Girls,
2403,Being Erica,
2404,False Flag,
2405,Dark Shadows,
2406,"Diners, Drive-Ins and Dives",
2407,Tyler Perry's The Haves and the Have Nots,
2408,Shots Fired,
2409,Four Weddings and a Funeral,
2410,Second Chance,
2411,K.C. Undercover,
2412,Doug,
2413,Detroit 1-8-7,
2414,The Carmichael Show,
2415,Spy,
2416,24: Legacy,
2417,Ranma ½,
2418,Harrow,
2419,Medium,
2420,World of Dance,
2421,Coronation Street,
2422,How It's Made,
2423,Life Below Zero,
2424,T@gged,
2425,The Bob Newhart Show,
2426,The PJs,
2427,Moone Boy,
2428,Ghosted,
2429,The Mary Tyler Moore Show,
2430,Unsolved Mysteries,
2431,The Practice,
2432,Oh My Venus,
2433,The Secret Life of the American Teenager,
2434,Married at First Sight,
2435,American Ninja Warrior,
2436,House Hunters,
2437,Little Britain,
2438,American Pickers,
2439,Sailor Moon Crystal,
2440,Chowder,
2441,mixed-ish,
2442,Thief,
2443,Nightwatch,
2444,Dirty Sexy Money,
2445,Big Time Rush,
2446,Snow White with the Red Hair,
2447,The Three Stooges,
2448,RuPaul's Drag Race: Untucked,
2449,The Lord of the Skies,
2450,Deputy,
2451,Eli Stone,
2452,Penn & Teller: Bullshit!,
2453,Shark,
2454,Mistresses,
2455,Murder in the First,
2456,Shut Eye,
2457,Chopped,
2458,Teen Titans Go!,
2459,Running Wild with Bear Grylls,
2460,The Thundermans,
2461,Horrible Histories,
2462,Space Dandy,
2463,Fosse/Verdon,
2464,The Story of Film: An Odyssey,
2465,The Adventures of Jimmy Neutron: Boy Genius,
2466,Kimi ni Todoke: From Me to You,
2467,Diff'rent Strokes,
2468,Blue Spring Ride,
2469,Full Metal Panic!,
2470,Dance Moms,
2471,GameFace,
2472,The Rifleman,
2473,Light as a Feather,
2474,The Greatest American Hero,
2475,Speechless,
2476,St. Elsewhere,
2477,Travel Man: 48 Hours in...,
2478,The Incredible Dr. Pol,
2479,Street Outlaws,
2480,Stan Against Evil,
2481,The Dead Files,
2482,Bluestone 42,
2483,Persona 4 The Animation,
2484,American Idol,
2485,Look Around You,
2486,D.Gray-man,
2487,Braquo,
2488,Jeremiah,
2489,Spice and Wolf,
2490,X Company,
2491,Almost Family,
2492,Bakuman,
2493,Fruits Basket,
2494,Dharma & Greg,
2495,Blood Blockade Battlefront,
2496,Man v. Food,
2497,Storage Wars,
2498,World Trigger,
2499,Reba,
2500,Haven't You Heard? I'm Sakamoto,
2501,SHIMONETA: A Boring World Where the Concept of Dirty Jokes Doesn't Exist,
2502,Beyond Scared Straight,
2503,The Fall Guy,
2504,Toriko,
2505,Pasión Prohibida,
2506,How Not to Summon a Demon Lord,
2507,Gordon Ramsay's 24 Hours to Hell and Back,
2508,Lip Service,
2509,Find Me in Paris,
2510,Rev.,
2511,Rosario + Vampire,
2512,The Riches,
2513,The Beverly Hillbillies,
2514,Zac & Mia,
2515,Step by Step,
2516,Outnumbered,
2517,The Accident,
2518,Dimension 404,
2519,Laverne & Shirley,
2520,The Most Dangerous Animal of All,
2521,The Kennedys,
2522,Him & Her,
2523,Un village français,
2524,Alone Together,
2525,Love Stage!!,
2526,Burden of Truth,
2527,Tiny Toon Adventures,
2528,Inside Amy Schumer,
2529,The White Shadow,
2530,WWE NXT,
2531,Your Pretty Face Is Going to Hell,
2532,The Incredible Hulk,
2533,The Biggest Loser,
2534,Dice,
2535,Good Bones,
2536,Yona of the Dawn,
2537,Dates,
2538,Duncanville,
2539,Bluff City Law,
2540,MEGALOBOX,
2541,Rosewood,
2542,20/20,
2543,Hellsing,
2544,Infinite Stratos,
2545,Plastic Memories,
2546,Midnattssol,
2547,Intruders,
2548,Bad Banks,
2549,WWE Friday Night SmackDown,
2550,Melrose Place,
2551,To Love-Ru,
2552,Locked Up Abroad,
2553,Wiseguy,
2554,Graves,
2555,Popeye the Sailor,
2556,Perfect Harmony,
2557,City Homicide,
2558,Hillary,
2559,Mountain Men,
2560,Baywatch,
2561,MasterChef Junior,
2562,Property Brothers,
2563,The Odd Couple,
2564,Kingdom,
2565,Guilty Crown,
2566,A Certain Scientific Railgun,
2567,Mister Ed,
2568,Sonic Boom,
2569,Cardfight!! Vanguard,
2570,The Bastard Executioner,
2571,Clarence,
2572,Utopia Falls,
2573,Dual Survival,
2574,Alias Smith and Jones,
2575,House Hunters International,
2576,Danganronpa: The Animation,
2577,Naked and Afraid XL,
2578,Ben 10: Omniverse,
2579,The Qwaser of Stigmata,
2580,Haganai: I Don't Have Many Friends,
2581,American Gladiators,
2582,OK K.O.! Let's Be Heroes,
2583,The Real Housewives of Beverly Hills,
2584,Silk Stalkings,
2585,Packed to the Rafters,
2586,Damien,
2587,Taggart,
2588,The Asterisk War,
2589,Hard Sun,
2590,Justice League Action,
2591,Some Girls,
2592,Perfect Strangers,
2593,Lost in Space,
2594,The Game,
2595,Love Island,
2596,America's Got Talent,
2597,Ironside,
2598,Deadbeat,
2599,Cutthroat Kitchen,
2600,The Fruit of Grisaia,
2601,Whose Line Is It Anyway? (UK),
2602,Chivalry of a Failed Knight,
2603,Alaska: The Last Frontier,
2604,Married,
2605,Every Witch Way,
2606,Baghdad Central,
2607,Living Single,
2608,Clannad After Story,
2609,Just Between Lovers,
2610,Grimgar of Fantasy and Ash,
2611,Wallander,
2612,Deadly Women,
2613,Fear Factor,
2614,My Life as a Teenage Robot,
2615,Vanderpump Rules,
2616,The Last Alaskans,
2617,This Way Up,
2618,D.Gray-man Hallow,
2619,My 600-lb Life,
2620,WATAMOTE,
2621,My Love Story!!,
2622,Love Island Australia,
2623,"Doogie Howser, M.D.",
2624,grown-ish,
2625,Devil May Cry,
2626,The Four: Battle for Stardom,
2627,All Saints,
2628,Bring It!,
2629,Beck,
2630,Maken-Ki! Battling Venus,
2631,Designing Women,
2632,Kämpfer,
2633,Hunter,
2634,Worst Cooks in America,
2635,Barbarians Rising,
2636,Cake Boss,
2637,Bering Sea Gold,
2638,The Real Housewives of New York City,
2639,Itazura na Kiss,
2640,Aesthetica of a Rogue Hero,
2641,Mysteries at the Museum,
2642,Blood Lad,
2643,7th Heaven,
2644,Voyage to the Bottom of the Sea,
2645,Reef Break,
2646,The Dana Carvey Show,
2647,Primeval: New World,
2648,Pramface,
2649,Classroom of the Elite,
2650,The Slap,
2651,The Moodys,
2652,Dietland,
2653,Son of Zorn,
2654,Buzzfeed Unsolved: Supernatural,
2655,Devils Line,
2656,Say Yes to the Dress,
2657,Father Knows Best,
2658,Beyond the Boundary,
2659,BuzzFeed Unsolved - True Crime,
2660,Marido en Alquiler,
2661,Hollywood Game Night,
2662,Dog with a Blog,
2663,Disappeared,
2664,Party of Five,
2665,Date a Live,
2666,Total Divas,
2667,Golden Time,
2668,Bloom,
2669,Hunter Street,
2670,Daniel Deronda,
2671,Good Doctor,
2672,90 Day Fiancé: Happily Ever After?,
2673,Outmatched,
2674,The Passing Bells,
2675,Kingdom,
2676,Wise Man’s Grandchild,
2677,Blast of Tempest,
2678,The Bachelorette,
2679,Swamp People,
2680,Undercover Boss,
2681,Doc McStuffins,
2682,Dante's Cove,
2683,Axe Cop,
2684,The Smile Has Left Your Eyes,
2685,Pure,
2686,Zomboat!,
2687,Kono Oto Tomare!: Sounds of Life,
2688,Sex&Drugs&Rock&Roll,
2689,OutDaughtered,
2690,Accel World,
2691,Project Runway All Stars,
2692,School Rumble,
2693,The Hills,
2694,Slayers,
2695,Keeping Up with the Kardashians,
2696,Restaurant: Impossible,
2697,Love It or List It,
2698,East Los High,
2699,Maison Close,
2700,Total Bellas,
2701,"Say ""I love you.""",
2702,Dr. Pimple Popper,
2703,"Good Morning, Miss Bliss",
2704,Bachelor in Paradise,
2705,Three Sheets,
2706,Paradox,
2707,Guy's Grocery Games,
2708,Oreimo,
2709,The Lowe Files,
2710,Freakish,
2711,The Next Step,
2712,The Driver,
2713,Castaways,
2714,The Real Housewives of New Jersey,
2715,Good Eats: Reloaded,
2716,Butterfly,
2717,The Electric Company,
2718,Tanked,
2719,A Crime to Remember,
2720,Air Gear,
2721,Toilet-Bound Hanako-kun,
2722,There's... Johnny!,
2723,The Only Way Is Essex,
2724,Quick Draw,
2725,The Secret of Crickley Hall,
2726,Curious George,
2727,Council of Dads,
2728,The Real Housewives of Atlanta,
2729,Iron Chef America,
2730,Black Bullet,
2731,Mayo Chiki!,
2732,Himouto! Umaru-chan,
2733,"BOFURI: I Don’t Want to Get Hurt, so I’ll Max Out My Defense.",
2734,Elena's Ghost,
2735,Heathcliff,
2736,Criminal Minds: Suspect Behavior,
2737,Agent X,
2738,An American Murder Mystery: The Staircase,
2739,McHale's Navy,
2740,Trust Me,
2741,Unexpected,
2742,Astro Boy,
2743,Renegade,
2744,Lincoln Heights,
2745,ID: INVADED,
2746,Black Jesus,
2747,Melrose Place,
2748,Is This a Zombie?,
2749,The Comedians,
2750,Celebrity Family Feud,
2751,"I Love You, America",
2752,Dragnet,
2753,Battleground,
2754,Wolf Girl & Black Prince,
2755,Jumanji,
2756,Hikaru no Go,
2757,Tim and Eric's Bedtime Stories,
2758,Amagami SS,
2759,Top Gear,
2760,The Wine Show,
2761,Arifureta: From Commonplace to World's Strongest,
2762,No Activity,
2763,The Food That Built America,
2764,Little Women: LA,
2765,Hetalia,
2766,Attack on Titan: Junior High,
2767,Hangin' with Mr. Cooper,
2768,The F Word,
2769,Jersey Shore,
2770,The Commish,
2771,Absolute Duo,
2772,Kiri,
2773,Prey,
2774,The Bachelor Presents: Listen to Your Heart,
2775,Weird Science,
2776,Rick Steves' Europe,
2777,Baka and Test: Summon the Beasts,
2778,Vanished,
2779,The Circus,
2780,Angels of Death,
2781,Black Cat,
2782,The Great Food Truck Race,
2783,Hollyoaks,
2784,Archangel,
2785,Blood-C,
2786,Upper Middle Bogan,
2787,"Nicky, Ricky, Dicky & Dawn",
2788,The New Woody Woodpecker Show,
2789,What Would You Do?,
2790,Getting On,
2791,The Lucy Show,
2792,Big Windup!,
2793,Love & Hip Hop Hollywood,
2794,VanDread,
2795,The Weekly,
2796,Princess Tutu,
2797,Plunderer,
2798,James May's Man Lab,
2799,Bedlam,
2800,Second chance,
2801,Born This Way,
2802,Criminal Justice,
2803,F*ck That's Delicious,
2804,Unikitty,
2805,Abandoned,
2806,I Am Frankie,
2807,Fashion House,
2808,Kids Baking Championship,
2809,Kono Yuusha ga Ore Tueee Kuse ni Shinchou Sugiru,
2810,Bizarre Foods with Andrew Zimmern,
2811,Young Hercules,
2812,Little Big Shots,
2813,Unusual Suspects,
2814,Bless the Harts,
2815,Jimmy Kimmel Live!,
2816,The Little Couple,
2817,The Beautiful Lie,
2818,Extreme Ghostbusters,
2819,Marriage Boot Camp: Reality Stars,
2820,Cold Squad,
2821,Space Brothers,
2822,The Real Housewives of Orange County,
2823,Corpse Princess,
2824,Genius Junior,
2825,Astra Lost in Space,
2826,The Dick Cavett Show,
2827,Obsession: Dark Desires,
2828,Hakuoki -Demon Of The Fleeting Blossom-,
2829,Webster,
2830,Ellen's Game of Games,
2831,Diesel Brothers,
2832,Feed the Beast,
2833,Handy Manny,
2834,Amagi Brilliant Park,
2835,Coupling,
2836,Treehouse Masters,
2837,My Favorite Martian,
2838,The Strange Calls,
2839,Are You Smarter Than a 5th Grader?,
2840,Taken at Birth,
2841,Monster Rancher,
2842,Blue Dragon,
2843,The Bisexual,
2844,Yu-Gi-Oh! 5D's,
2845,Alvinnn!!! and The Chipmunks,
2846,Little Women: Atlanta,
2847,Beat Bobby Flay,
2848,Saints & Sinners,
2849,Ask This Old House,
2850,The Dude Perfect Show,
2851,頭文字D First Stage,
2852,Bong Appétit,
2853,Arliss,
2854,Watch Over Me,
2855,Rosa Diamante,
2856,Seed,
2857,Black Blood Brothers,
2858,Heartstrings,
2859,The Impostor,
2860,Tiger & Bunny,
2861,Behind Bars: Rookie Year,
2862,The Wall,
2863,Worth It,
2864,Flip or Flop,
2865,L.A. Dragnet,
2866,Insane Pools: Off the Deep End,
2867,Sin tetas no hay paraíso,
2868,Aria the Scarlet Ammo,
2869,The Last Defense,
2870,The Gumby Show,
2871,Still 17,
2872,Witchblade,
2873,Madeline,
2874,Ruyi's Royal Love in the Palace,
2875,The Romeo Section,
2876,The Wallflower,
2877,Little Mosque on the Prairie,
2878,Curiosity,
2879,Who Wants to Be a Millionaire,
2880,Anyone But Me,
2881,Life and Death Row,
2882,Matador,
2883,Threesome,
2884,Kung Fu Panda: Legends of Awesomeness,
2885,Undefeated Bahamut Chronicle,
2886,Conviction,
2887,High School USA!,
2888,Cults and Extreme Belief,
2889,NASA's Unexplained Files,
2890,Sister Wives,
2891,Hunderby,
2892,Australia's Next Top Model,
2893,Nanny and the Professor,
2894,I Am Jazz,
2895,Below the Surface,
2896,"Rica, Famosa, Latina",
2897,StarTalk with Neil deGrasse Tyson,
2898,Total Wipeout,
2899,Breaking Amish,
2900,Flying Witch,
2901,Flea Market Flip,
2902,No Activity,
2903,I Spy,
2904,You Bet Your Life,
2905,The First 48 Presents: Homicide Squad Atlanta,
2906,The Hotwives of Orlando,
2907,Bleak House,
2908,T.U.F.F. Puppy,
2909,Sherman's Showcase,
2910,Wild Things with Dominic Monaghan,
2911,The Gong Show,
2912,The Murder of Laci Peterson,
2913,Casey Anthony: An American Murder Mystery,
2914,Sherlock Holmes,
2915,Cake,
2916,Murder in the Heartland,
2917,My Strange Addiction,
2918,Food Network Star,
2919,Boy Band,
2920,Dream Corp LLC,
2921,Astroblast!,
2922,Here's Lucy,
2923,1969,
2924,Celia,
2925,Too Cute,
2926,Holiday Baking Championship,
2927,Senryu Girl,
2928,Flirty Dancing,
2929,Hidden Potential,
2930,Our Cartoon President,
2931,Cupcake Wars,
2932,Brothers Conflict,
2933,Dancing with the Stars,
2934,Lucas Bros Moving Co,
2935,Harvey Beaks,
2936,The Aliens,
2937,Who The (Bleep) Did I Marry?,
2938,Brave 10,
2939,Mischief of the Gods,
2940,Beautiful Bones: Sakurako’s Investigation,
2941,Nightmare Next Door,
2942,Food Paradise,
2943,The Tesla Files,
2944,The Librarians,
2945,The Ambition of Oda Nobuna,
2946,Dagashi Kashi,
2947,Blade Dance of Elementalers,
2948,Caillou,
2949,Caribbean Life,
2950,Jodi Arias: An American Murder Mystery,
2951,Indebted,
2952,Long Island Medium,
2953,Kino's Journey: The Beautiful World - The Animated Series,
2954,Broken Angel,
2955,Cockroaches,
2956,Victoria's Secret Fashion Show,
2957,Tiny House Hunters,
2958,Jeopardy! The Greatest of All Time,
2959,Saved by the Bell: The College Years,
2960,Law & Order True Crime,
2961,Aoharu x Machinegun,
2962,Miz & Mrs,
2963,Your Worst Nightmare,
2964,Outbreak Company,
2965,Psychic Detective Yakumo,
2966,Mythbusters Jr.,
2967,The Real Housewives of Potomac,
2968,The Hunt with John Walsh,
2969,House Hunters Renovation,
2970,"Neon Joe, Werewolf Hunter",
2971,Filthy Rich,
2972,Sanjay and Craig,
2973,I Love New York,
2974,Nabari no Ou,
2975,Mr. D,
2976,恋と選挙とチョコレート,
2977,School of Rock,
2978,Living With Fran,
2979,The Loop,
2980,Uta no Prince-sama,
2981,WITS Academy,
2982,The Munsters Today,
2983,Holly Hobbie,
2984,I Am Cait,
2985,Basketball Wives LA,
2986,The New Detectives,
2987,Cash Cab,
2988,Marrying Millions,
2989,To Tell the Truth,
2990,Property Virgins,
2991,Negima!,
2992,Match Game,
2993,Gap Year,
2994,Love Connection,
2995,Wasted,
2996,The Other Guy,
2997,Snake City,
2998,Make It Pop,
2999,Next Great Baker,
3000,A Little Late with Lilly Singh,
3001,Card Captor Sakura: Clear Card,
3002,I Love Jenni,
3003,Sex Sent Me to the ER,
3004,Shark Week,
3005,Tenchi Muyô! GXP,
3006,Man Up!,
3007,My Dead Ex,
3008,Juana la virgen,
3009,"Ready, Steady, Wiggle!",
3010,"The $100,000 Pyramid",
3011,Gordon Ramsay's Home Cooking,
3012,Napoleon Dynamite,
3013,Kaleido Star,
3014,Soul Eater Not!,
3015,Part of Me,
3016,Samurai Harem,
3017,Tarzán,
3018,Blade and Soul,
3019,Late Night with Seth Meyers,
3020,Paradise Run,
3021,Rock of Love with Bret Michaels,
3022,Siblings,
3023,Safe Harbor,
3024,Destiny,
3025,Alguien Te Mira,
3026,The Millionaire Matchmaker,
3027,Gugure! Kokkuri-san,
3028,Scorned: Love Kills,
3029,Sunnyside,
3030,Bloque de Búsqueda,
3031,"Pinky, Elmyra & the Brain",
3032,Britain's Best Home Cook,
3033,Aquarion,
3034,Til Death Do Us Part,
3035,Children of the Snow,
3036,Major Lazer,
3037,The Adventures of Paddington Bear,
3038,Miles from Tomorrowland,
3039,The Killer Speaks,
3040,Flavor of Love,
3041,The Tower of Druaga: The Aegis of Uruk,
3042,Fresh Off the Boat,
3043,Basilisk,
3044,Stars Align,
3045,American Gladiators,
3046,Bridezillas,
3047,The Chew,
3048,The History of Comedy,
3049,Metástasis,
3050,The Awesomes,
3051,Cake Wars,
3052,Sheriff Callie's Wild West,
3053,Nutri Ventures – The Quest for the 7 Kingdoms,
3054,Endlings,
3055,The Riveras,
3056,Beat Shazam,
3057,Wicked Tuna: Outer Banks,
3058,Fugget About It,
3059,Side Effects,
3060,Property Brothers: Buying and Selling,
3061,The High Fructose Adventures of Annoying Orange,
3062,.hack,
3063,Toopy and Binoo,
3064,Guidance,
3065,The Menendez Murders: Erik Tells All,
3066,Chopped Junior,
3067,Max Steel,
3068,"Demon Lord, Retry!",
3069,Tarzan: The Epic Adventures,
3070,Stacked,
3071,The Cisco Kid,
3072,Special A,
3073,Beachfront Bargain Hunt,
3074,60 Days In: Narcoland,
3075,Uncle Grandpa,
3076,David Copperfield,
3077,Azur Lane,
3078,Crimes of the Century,
3079,The Kennedys,
3080,Kids Behind Bars: Life or Parole,
3081,Spartan: Ultimate Team Challenge,
3082,VICE Investigates,
3083,Swiss Family Robinson,
3084,Hayate the Combat Butler,
3085,Four Weddings,
3086,Special 7: Special Crime Investigation Unit,
3087,Extreme Homes,
3088,El Mariachi,
3089,What on Earth?,
3090,The Real Housewives of Miami,
3091,Fujiko,
3092,Hakumei and Mikochi,
3093,Coppelion,
3094,Flavor of Love Girls: Charm School,
3095,WWE Main Event,
3096,Hello Kitty's Furry Tale Theater,
3097,"I Couldn't Become a Hero, So I Reluctantly Decided to Get a Job.",
3098,Dead Boss,
3099,Sydney Sailboat,
3100,Veni Vidi Vici,
3101,Dies Irae,
3102,1990s: The Deadliest Decade,
3103,Afterlost,
3104,Survival School,
3105,Toddlers & Tiaras,
3106,The Golden State Killer: It's Not Over,
3107,"Golan, The Insatiable",
3108,Kidô senshi Gandamu: The Origin I - Aoi hitomi no kyasubaru,
3109,Divorce Court,
3110,Hitler's Last Stand,
3111,Mental Samurai,
3112,Chio's School Road,
3113,The Furchester Hotel,
3114,Stone Quackers,
3115,Garo: The Animation,
3116,Mrs. Piggle-Wiggle,
3117,Pinky Dinky Doo,
3118,Sea Rescue,
3119,Nightcap,
3120,Abandoned,
3121,Spoilers,
3122,Henry Hugglemonster,
3123,Love Thy Neighbor,
3124,Love Daily,
3125,Mighty Magiswords,
3126,Hang Ups,
3127,Urara Meirocho,
3128,Mad Mad House,
3129,"Ruff-Ruff, Tweet and Dave",
3130,Inside the NFL,
3131,Girls Beyond the Wasteland,
3132,Biography: The Trump Dynasty,
3133,Special Forces,
3134,Forged in Fire: Knife or Death,
3135,All Night,
3136,The Return,
3137,Bajo el Mismo Cielo,
3138,Chandra Levy: An American Murder Mystery,
3139,NY-LON,
3140,Dama y Obrero,
3141,Infinite Dendrogram,
3142,Sorcerous Stabber Orphen,
3143,Behind the Mask,
3144,Breadwinners,
3145,My Super Sweet 16,
3146,The Proposal,
3147,To Catch a Smuggler,
3148,Pamela Smart: An American Murder Mystery,
3149,Murder on the Internet,
3150,Zou,
3151,Get Ace,
3152,Barefoot Contessa: Back to Basics,
3153,How The Earth Works,
3154,BEM,
3155,Dead By Dawn,
3156,The Case That Haunts Me,
3157,Kojak,
3158,Jamie's Quick & Easy Food,
3159,Meet the Press,
3160,Cruel Love,
3161,Gigantor,
3162,The Boonies,
3163,Charlie Rose,
3164,Mickey's 90th Spectacular,
3165,"Wiggle, Wiggle, Wiggle",
3166,Wives with Knives,
3167,Big Block SingSong,
3168,Dreamland,
3169,Kendra on Top,
3170,Beach Hunters,
3171,The Powerpuff Girls,
3172,Home Free,
3173,The Dating Guy,
3174,Mix: Meisei Story,
3175,Daisy of Love,
3176,After School Dice Club,
3177,The Young Turks,
3178,Hungry Henry,
3179,A3! Season Spring & Summer,
3180,The Interrogation Room,
3181,Planet Sheen,
3182,Good Morning America,
3183,What Just Happened??! with Fred Savage,
3184,ABC World News,
3185,Twisted Sisters,
3186,Phenoms,
3187,The Last Days of Phil Hartman,
3188,ClassicaLoid,
3189,Runaways,
3190,Many Sides of Jane,
3191,Cooks vs. Cons,
3192,Smile at the Runway,
3193,Gensomaden Saiyuki,
3194,Black Market: Dispatches,
3195,WTF Baron Davis,
3196,Container Homes,
3197,Kourtney & Khloé Take the Hamptons,
3198,Holiday Magic,
3199,Truth & Iliza,
3200,Blood Runs Cold,
3201,Place to Place,
3202,To LOVEる -とらぶる- ダークネス2nd,
3203,L.A. Hair,
3204,My Knight and Me,
3205,205 Live,
3206,Steve Harvey's Funderdome,
3207,Nightwatch Nation,
3208,Nightline,
3209,Life of Kylie,
3210,Showtime at the Apollo,
3211,Mother Up!,
3212,Nostradamus Effect,
3213,American Scandals,
3214,Eva La Trailera,
3215,Jim Henson Presents Mother Goose Stories,
3216,American Greed: The Fugitives,
3217,Man Finds Food,
3218,Ancient Top 10,
3219,The Great Christmas Light Fight,
3220,Kids Say the Darndest Things,
3221,The Show Must Go On: The Queen + Adam Lambert Story,
3222,Alien Encounters,
3223,Close Up with The Hollywood Reporter,
3224,Ellen's Greatest Night of Giveaways,
3225,Open Door,
3226,Star Wars Galaxy's Edge: Adventure Awaits,
3227,Larry King Now,
3228,Bloomberg Game Changers,
3229,WWE Superstars,
3230,Ranger Rob,
3231,Psychic Investigators,
3232,Where is Elisa?,
3233,Home Town,
3234,Iconic Characters,
3235,Zorro the Chronicles,
3236,New York Goes to Work,
3237,Finding Escobar's Millions,
3238,Cultureshock,
3239,Outsmarted,
3240,The Paynes,
3241,Behind Closed Doors,
3242,Chloe's Closet,
3243,Natalie Wood: An American Murder Mystery,
3244,Rin-ne,
3245,Dead Again,
3246,The Untold Story,
3247,Puppy Bowl,
3248,Woman,
3249,Los Caballeros Las Prefieren Brutas,
3250,The Wildlife Docs,
3251,Dot.,
3252,A Day in the Life,
3253,Out There with Jack Randall,
3254,Fox News Sunday,
3255,Making a Model with Yolanda Hadid,
3256,The Burger Show,
3257,En La Boca Del Lobo,
3258,Terrific Trucks,
3259,Bakers vs. Fakers,
3260,Chiquis N'Control,
3261,CNBC Originals,
3262,LA Story,
3263,"Tengo Talento, Mucho Talento",
3264,Last Call with Carson Daly,
3265,Vets Saving Pets,
3266,The View,
3267,Tree Fu Tom,
3268,Nerds and Monsters,
3269,This Week,
3270,Deadly Wives,
3271,Hot Package,
3272,RocketJump: The Show,
3273,Fill in the Prank,
3274,Glam Masters,
3275,A New Leaf,
3276,Spin the Wheel,
3277,The Bravest Knight,
3278,Born Behind Bars,
3279,Bobby Flay's Barbecue Addiction,
3280,The Family Chantel,
3281,Divided States,
3282,Malyshariki,
3283,Grey's Anatomy: B-Team,
3284,Ladylike,
3285,Utawarerumono: The False Faces,
3286,Cold Hearted,
3287,O.J. Simpson: The Lost Confession?,
3288,THE REFLECTION,
3289,Flophouse,
3290,Joe and Jack,
3291,America's Cutest,
3292,Noches con Platanito,
3293,"Underworld, Inc.",
3294,Earth Odyssey with Dylan Dreyer,
3295,UFC Unleashed,
3296,Rudy Maxas World,
3297,Egg Birds,
3298,Jammers,
3299,Crime Inc.,
3300,When Sharks Attack,
3301,Chiro and Friends,
3302,Doozers,
3303,Tulli,
3304,Activate: The Global Citizen Movement,
3305,Supernoobs,
3306,CNBC Titans,
3307,LittleBabyBum,
3308,Four of a Kind,
3309,How It Works,
3310,AwesomenessTV,
3311,UFC Fight Flashback,
3312,WWE En Español,
3313,Atelier Escha & Logy : Alchemists of the Dusk Sky,
3314,Tiny Beats,
3315,Consumer 101,
3316,Sneaker Shopping,
3317,Dish Nation,
3318,UFO Conspiracies,
3319,The Crowned Goddess,
3320,Los Cowboys,
3321,Counting On,
3322,Paint Me a Story,
3323,Countdown to UFC,
3324,Day of Gluttony,
3325,Night Guard,
3326,El Sexo Débil,
3327,Redacted Tonight,
3328,Pressure Cook,
3329,The Little Rascals Classics,
3330,Sean in the Wild,
3331,Hot Gay Comics,
3332,ABC News Specials,
3333,Fields of Glory,
3334,Pasión de Gavilanes,
3335,Vegimer,
3336,My Lottery Dream Home,
3337,Package Deal,
3338,El Negocio,
3339,The Happy Days of Garry Marshall,
3340,HobbyKids Adventures,
3341,Oliver Discovers,
3342,Songs & Rhymes,
3343,Crafty Rafty,
3344,Drain the Oceans,
3345,Big Bugs Band,
3346,Savage Kingdom,
3347,Zero Punctuation,
3348,The Posh Frock Shop,
3349,Dinner with Dad,
3350,Kenny & Goorie,
3351,Kids Halloween Baking Championship,
3352,Los Beltrán,
3353,Top 30,
3354,Sophie La Girafe,
3355,Behind Tasty,
3356,Nina's World,
3357,TRANsitioning,
3358,Pim & Pimba,
3359,Page Six TV,
3360,What's New With Hulu,
3361,Impact Wrestling,
3362,Ultimate Survival WWII,
3363,Amar y Temer,
3364,Behind the Bar,
3365,Return to Downton Abbey: A Grand Event,
3366,Hippa Hey,
3367,With All Due Respect,
3368,Lost Treasures of Egypt,
3369,NASA 360,
3370,10 Essentials,
3371,Buried Secrets of WWII,
3372,Handcrafted,
3373,Lo Que Callamos Las Mujeres,
3374,Best of BabyTV,
3375,The Alec Baldwin Show,
3376,Tricky Tracks,
3377,Strahan & Sara,
3378,Go Eco,
3379,Gold Medal Families,
3380,Run,
3381,Sad Hot Girls,
3382,It's Alive with Brad,
3383,Grandpa Joe's Magical Playground,
3384,Pitch & Potch,
3385,Cuddlies,
3386,She's Living for This,
3387,Walter and Dude,
3388,The Making of Frozen: A Return to Arendelle,
3389,Utano Princesama Revolutions,
3390,Howie Mandel's Animals Doing Things,
3391,Draco,
3392,ABC Monsters,
3393,Bath & Bed,
3394,Taraji and Terrence's White Hot Holidays,
3395,31 Nights of Halloween Fan Fest,
3396,On the Run Eating,
3397,Tinder Takeover,
3398,Charlie & the Numbers,
3399,Gourmet Makes,
3400,The Shirley Temple Collection,
3401,We Day 2017,
3402,Videofashion! News,
3403,NASA X,
3404,Aurora,
3405,48 Hours with Kygo,
3406,Maya and Yaya,
3407,Billy Bam Bam,
3408,Scott Peterson: An American Murder Mystery,
3409,Play Time,
3410,#ThatsHarassment,
3411,South Park en Español,
3412,2111,
3413,Blissful Thinking,
3414,Concertino,
3415,Epic Conversations,
3416,Grey's Anatomy: Post-Op,
3417,Politicking with Larry King,
3418,Mr. Snail,
3419,Paranormal Lockdown UK,
3420,pocket.watch JillianTubeHD Ultimate mishmash,
3421,5 Levels,
3422,Actually Me,
3423,Stand Up to Cancer,
3424,Time for Bed with Punam Patel,
3425,A Murder on Orchard Street,
3426,Stone Age The Legendary Pet,
3427,Chickenwatch,
3428,Drag Me,
3429,ABC News Documentaries,
3430,ABC News | Features,
3431,Earth From Above,
3432,pocket.watch Ryan Toys Review Ultimate mishmash,
3433,The Adventures of Dr. Buckeye Bottoms,
3434,Kids Try,
3435,Going Si-ral,
3436,Jenni Rivera La Vida de Una Diva,
3437,A Brief History,
3438,Bondi Harvest,
3439,Laughs,
3440,Superstructures: Engineering Marvels,
3441,Lie Detector Test,
3442,Chief Kim,
3443,Stick with Mick,
3444,Ryan's World Specials presented by pocket.watch,
3445,Around The Way,
3446,Andy Explores,
3447,Canciones infantiles,
3448,Asia's Underworld,
3449,Hello World,
3450,You Sang My Song,
3451,Get Sweaty,
3452,Thingstarter,
3453,Untamed with Filipe DeAndrade,
3454,pocket.watch EvanTubeHD mishmash,
3455,Homebuddies,
3456,BBQuest,
3457,Entre Caníbales,
3458,Truth and Lies: Watergate,
3459,NASA Television Documentaries,
3460,Modern Baby,
3461,Wilderness Vet,
3462,Flip and Flash,
3463,In the Giggle Park,
3464,Twitter Tech Support,
3465,All the Pizza,
3466,Tiny Nuts,
3467,Triumph,
3468,Coming to the Stage,
3469,BabyFirst Nursery Songs,
3470,Finding the Next,
3471,Limomasters (Espanol),
3472,Eating Your Feed,
3473,Magnificent Obsessions,
3474,Feed Famous,
3475,The 76th Annual Golden Globe Awards,
3476,Fear Box,
3477,Dates (US),
3478,Raw. Vegan. Not Gross.,
3479,Pop Trigger,
3480,Dessert Games,
3481,Derek Does Stuff with a Friend,
3482,Caption Contest,
3483,Tasty 101,
3484,ABC Primetime Nightline,
3485,Rosaline,
3486,Because of an Earlier Incident,
3487,Magic Eye Shark Movie,
3488,Celebrity Living,
3489,Comedy InvAsian,
3490,Election Cycle,
3491,Back to Back Chef,
3492,24 Hours With,
3493,Pégate a Mick,
3494,Struggle Meals,
3495,Talks at GS,
3496,ESL: Player vs Player,
3497,Luke Gamble's Vet Adventures,
3498,UFC Ultimate Knockouts,
3499,ABC News | Garage Geniuses,
3500,WildWoods,
3501,GMA Day,
3502,"Build Small, Live Anywhere",
3503,Things I Do,
3504,Mujeres Rompiendo el Silencio,
3505,Wooly,
3506,Jeremiah Bullfrog Forks It,
3507,Wedding Season,
3508,Revolt,
3509,Obsessed (WIRED),
3510,Tasty's Made By Hand,
3511,Tasting Our Roots,
3512,UFC Main Event,
3513,Heart of a Champion,
3514,Working 24 Hours At...,
3515,MOJO's The Circuit,
3516,Almost Impossible,
3517,Mom In Progress,
3518,Style Evolution,
3519,Popcorn With Peter Travers,
3520,The Oscars,
3521,Trials of the Wild,
3522,Health + Happiness with Mayo Clinic,
3523,Heritage,
3524,"I Draw, You Cook",
3525,Strait Talk with Matt & LZ,
3526,Rudy Maxa's Travel,
3527,Especiales de Historia de México,
3528,For & Against,
3529,The Big Vote,
3530,Lost in the Supermarket,
3531,Gen H,
3532,Legendary Catch,
3533,Secrets of Your Mind,
3534,The Bravest Knight Who Ever Lived,
3535,Puertas al Mas Alla,
3536,Technique Critique,
3537,ESL Bootcamp: Immortals,
3538,Red Nose Day,
3539,ESL: Replay,
3540,The Paley Center,
3541,ESL: Defining Moments,
3542,pocket.watch HobbyKidsTV mishmash,
3543,UFC Presents,
3544,Real Estate with Rosanna,
3545,Summertime,
3546,Ventaneando,
3547,WIRED's Autocomplete Interviews,
3548,Bioterrorism: The Truth,
3549,Out of Office with Brent Rose,
3550,"Stop, Breathe & Think Kids: Mindful Games",
3551,On Stage,
3552,The Champion Within,
3553,Food Fetish,
3554,A Woman's Job,
3555,OUT: Face to Face,
3556,Just Josh,
3557,On This Day in Black History Month,
3558,Bogus Beauty,
3559,Crime Shock: Asia Exposed,
3560,pocket.watch CaptainSparklez mishmash,
3561,Dick Clark's Primetime New Year's Rockin' Eve,
3562,Newsy,
3563,Modd Couples,
3564,Fantasy Forecast,
3565,Secret Talent Theatre,
3566,pocket.watch Challenge Squad,
68,Blackfish,
98,Jiro Dreams of Sushi,
147,The Patriot,
149,The Square,
215,Hitch,
286,Hey Arnold! The Jungle Movie,
341,The Interview,
498,Blame!,
611,Evolution,
895,The Oath,
898,Little Monsters,
940,Lost in London,
1036,Gemini,
1134,No Game No Life: Zero,
1302,Major League II,
1326,A Second Chance,
1391,The Cat in the Hat,
1664,Big Time Movie,
1777,Zapped,
2018,Mother,
2348,Escape from Mr. Lemoncello's Library,
2875,A Fairly Odd Summer,
3041,LeapFrog: Phonics Farm,
3147,LeapFrog: Numberland,
3550,Oddbods: Party Monsters,
3561,The Dark Knight,
3562,GoodFellas,
3563,Parasite,
3564,Good Will Hunting,
3565,The Green Mile,
3566,Batman Begins,
3567,Grave of the Fireflies,
3568,Kill Bill: Vol. 1,
3569,Zombieland,
3570,A Quiet Place,
3571,Kill Bill: Vol. 2,
3572,Let the Right One In,
3573,True Grit,
3574,Akira,
3575,50/50,
3576,Hunt for the Wilderpeople,
3577,The Graduate,
3578,Portrait of a Lady on Fire,
3579,Misery,
3580,The Conjuring,
3581,Free Solo,
3582,Captain Fantastic,
3583,"I, Tonya",
3584,Blazing Saddles,
3585,Shoplifters,
3586,Up in the Air,
3587,The Cabin in the Woods,
3588,How to Train Your Dragon: The Hidden World,
3589,Escape from Alcatraz,
3590,Star Trek II: The Wrath of Khan,
3591,Apollo 11,
3592,Booksmart,
3593,Super 8,
3594,Mission: Impossible - Fallout,
3595,Coherence,
3596,Annihilation,
3597,Heathers,
3598,The Descent,
3599,The Guilty,
3600,Fighting with My Family,
3601,Bumblebee,
3602,Rango,
3603,Instant Family,
3604,13 Assassins,
3605,The Host,
3606,Volver,
3607,We Need to Talk About Kevin,
3608,Let Me In,
3609,Three Identical Strangers,
3610,A Simple Favor,
3611,Creed II,
3612,Loving Vincent,
3613,Megamind,
3614,Honeyland,
3615,The Full Monty,
3616,Abominable,
3617,The Chaser,
3618,Hotel Mumbai,
3619,Nobody Knows,
3620,Ninja Scroll,
3621,Chicken Run,
3622,Swingers,
3623,"Food, Inc.",
3624,Embrace of the Serpent,
3625,Melancholia,
3626,Minding the Gap,
3627,The Second Mother,
3628,Notes on a Scandal,
3629,Star Trek VI: The Undiscovered Country,
3630,Love & Mercy,
3631,A Taxi Driver,
3632,The Prince of Egypt,
3633,Tickled,
3634,Sorry to Bother You,
3635,The Way Back,
3636,Detroit,
3637,Risky Business,
3638,The Biggest Little Farm,
3639,Lucky,
3640,Border,
3641,Natural Born Killers,
3642,If Beale Street Could Talk,
3643,Horton Hears a Who!,
3644,Romancing the Stone,
3645,The Beatles: Eight Days a Week - The Touring Years,
3646,Phone Booth,
3647,Gods and Monsters,
3648,Force Majeure,
3649,Turtles Can Fly,
3650,Thelma,
3651,The Sisters Brothers,
3652,Tangerine,
3653,Monos,
3654,The Nightingale,
3655,BPM (Beats per Minute),
3656,Bend It Like Beckham,
3657,Hud,
3658,Vice,
3659,The Book of Eli,
3660,The 12th Man,
3661,The Messenger,
3662,Cartel Land,
3663,Professor Marston and the Wonder Women,
3664,A Brilliant Young Mind,
3665,Antz,
3666,The Next Three Days,
3667,Megan Leavey,
3668,Jesus Camp,
3669,RBG,
3670,Wild Rose,
3671,Kinsey,
3672,Demolition Man,
3673,Spirit: Stallion of the Cimarron,
3674,"The Good, The Bad, The Weird",
3675,"Waiting for ""Superman""",
3676,The Skeleton Twins,
3677,I Can Only Imagine,
3678,Woman at War,
3679,Johnny Guitar,
3680,Jane,
3681,Monster House,
3682,Hail Satan?,
3683,Ingrid Goes West,
3684,Dogman,
3685,Anthropoid,
3686,Missing Link,
3687,Star Trek III: The Search for Spock,
3688,Cashback,
3689,"Juliet, Naked",
3690,The Absent One,
3691,Big Time Adolescence,
3692,Get Smart,
3693,"Life, Animated",
3694,Sands of Iwo Jima,
3695,Killer Joe,
3696,Sword Art Online: The Movie - Ordinal Scale,
3697,The Wave,
3698,Colossal,
3699,Luce,
3700,Oculus,
3701,Standing in the Shadows of Motown,
3702,Borg vs McEnroe,
3703,Denial,
3704,Best of Enemies,
3705,Prospect,
3706,Arbitrage,
3707,Plus One,
3708,Active Measures,
3709,Amazing Grace,
3710,The Art of Self-Defense,
3711,The Clovehitch Killer,
3712,Rare Exports: A Christmas Tale,
3713,Venus in Fur,
3714,Jackass 3D,
3715,I Kill Giants,
3716,The Queen of Versailles,
3717,2 Days in Paris,
3718,The Wrecking Crew,
3719,The Villainess,
3720,Europa Report,
3721,The Cooler,
3722,In the Fade,
3723,The Road to El Dorado,
3724,Christine,
3725,Hearts Beat Loud,
3726,Whitney,
3727,Angel of Mine,
3728,Hounds of Love,
3729,Pawn Sacrifice,
3730,Transformers: Dark of the Moon,
3731,Ben Is Back,
3732,Wayne's World 2,
3733,No Strings Attached,
3734,Along with the Gods: The Two Worlds,
3735,Young & Beautiful,
3736,The Pirates! In an Adventure with Scientists!,
3737,Lo and Behold: Reveries of the Connected World,
3738,Operation Finale,
3739,78/52,
3740,Gloria,
3741,Princess Cyd,
3742,The Domestics,
3743,Andy Irons: Kissed by God,
3744,Joe Strummer: The Future Is Unwritten,
3745,The Commuter,
3746,Dirty Wars,
3747,Soul Food,
3748,Sidewalls,
3749,Miss Stevens,
3750,Footloose,
3751,Charlotte's Web,
3752,Shirley Valentine,
3753,Drinking Buddies,
3754,The Keeper of Lost Causes,
3755,Sea of Shadows,
3756,Oh Lucy!,
3757,The Spy Who Dumped Me,
3758,Skate Kitchen,
3759,Experimenter,
3760,What They Had,
3761,Burn,
3762,Margarita with a Straw,
3763,Odd Thomas,
3764,Every Day,
3765,Nothing Like a Dame,
3766,Brian Banks,
3767,It's a Disaster,
3768,The Little Death,
3769,Becoming Bond,
3770,After the Screaming Stops,
3771,Slums of Beverly Hills,
3772,Lords of Chaos,
3773,The Frozen Ground,
3774,Paranoid Park,
3775,The Hunchback of Notre Dame,
3776,Support the Girls,
3777,The China Hustle,
3778,Paranormal Activity 3,
3779,Death Wish,
3780,Cold Case Hammarskjöld,
3781,Anna and the Apocalypse,
3782,Somm,
3783,"Love, Gilda",
3784,Star Trek: Insurrection,
3785,Bad Company,
3786,Dior and I,
3787,"Where'd You Go, Bernadette",
3788,Gorky Park,
3789,Beach Rats,
3790,Manderlay,
3791,High Strung,
3792,The Last Days,
3793,Free Willy,
3794,First Girl I Loved,
3795,Man on a Ledge,
3796,Barking Dogs Never Bite,
3797,Destroyer,
3798,Meek's Cutoff,
3799,No One Knows About Persian Cats,
3800,Villains,
3801,The Limehouse Golem,
3802,Walking Tall,
3803,Tragedy Girls,
3804,Pet Sematary,
3805,The Overnight,
3806,Star Trek: The Motion Picture,
3807,Crime + Punishment,
3808,Vincere,
3809,Southbound,
3810,The Quake,
3811,American Ultra,
3812,Hellbound: Hellraiser II,
3813,The Hero,
3814,Tom of Finland,
3815,Fyre Fraud,
3816,David Crosby: Remember My Name,
3817,Gilbert,
3818,Framing John DeLorean,
3819,Marrowbone,
3820,Kusama : Infinity,
3821,Please Stand By,
3822,Those People,
3823,The Time That Remains,
3824,The Mexican,
3825,Paranormal Activity 2,
3826,Red Dog: True Blue,
3827,Assassination Nation,
3828,Friends with Kids,
3829,Diana Vreeland: The Eye Has to Travel,
3830,I Remember You,
3831,Forever My Girl,
3832,The Furies,
3833,Meeting Gorbachev,
3834,Welcome to the Rileys,
3835,Hector and the Search for Happiness,
3836,Bad Reputation,
3837,Waiting to Exhale,
3838,Pyewacket,
3839,The Swan Princess,
3840,Grabbers,
3841,Aniara,
3842,The Housemaid,
3843,Little Woods,
3844,"Elvira, Mistress of the Dark",
3845,In Search of Greatness,
3846,Food Evolution,
3847,Sinbad: Legend of the Seven Seas,
3848,The Den,
3849,Wolf Warrior 2,
3850,Dumb: The Story of Big Brother Magazine,
3851,Goodbye First Love,
3852,The 33,
3853,Mike Wallace Is Here,
3854,March of the Penguins 2,
3855,Teen Spirit,
3856,Seymour: An Introduction,
3857,The Man Who Killed Hitler and Then the Bigfoot,
3858,The Childhood of a Leader,
3859,The Standoff at Sparrow Creek,
3860,A Very Sordid Wedding,
3861,Toni Morrison: The Pieces I Am,
3862,Dina,
3863,Dog Days,
3864,Monsters and Men,
3865,The Canal,
3866,Leap Year,
3867,Raise Hell: The Life & Times of Molly Ivins,
3868,Under the Tree,
3869,The League of Extraordinary Gentlemen,
3870,Hello I Must Be Going,
3871,Two Trains Runnin',
3872,The Jewel of the Nile,
3873,Middle Men,
3874,Before I Go to Sleep,
3875,Eating Animals,
3876,Mom and Dad,
3877,Touched with Fire,
3878,Cunningham,
3879,Starfish,
3880,The Yellow Handkerchief,
3881,The First Monday in May,
3882,The Miracle Season,
3883,Burden,
3884,Downsizing,
3885,Lowlife,
3886,The Blue Room,
3887,The Chumscrubber,
3888,Pledge,
3889,Universal Soldier,
3890,Non-Fiction,
3891,Larger than Life: The Kevyn Aucoin Story,
3892,The Bookshop,
3893,Baskın,
3894,A Life Less Ordinary,
3895,Girls Just Want to Have Fun,
3896,The Ant Bully,
3897,Overboard,
3898,Henry Gamble's Birthday Party,
3899,"Nico, 1988",
3900,Diane,
3901,Joshy,
3902,Leaving,
3903,Finding Your Feet,
3904,The Princess of Montpensier,
3905,Citizen Jane: Battle for the City,
3906,High-Rise,
3907,Unlocked,
3908,Far From The Tree,
3909,Freak Show,
3910,C.S.A.: The Confederate States of America,
3911,AWOL,
3912,Haze,
3913,Maze,
3914,Legion of Brothers,
3915,Mister America,
3916,The Archer,
3917,Tank Girl,
3918,Little Joe,
3919,Scotch: A Golden Dream,
3920,The Prodigy,
3921,Divide and Conquer: The Story of Roger Ailes,
3922,This Is Not Berlin,
3923,The Last Word,
3924,The Hustle,
3925,The Unicorn,
3926,Whose Streets?,
3927,Vox Lux,
3928,Take Every Wave: The Life of Laird Hamilton,
3929,Leaning Into the Wind: Andy Goldsworthy,
3930,The Amazing Johnathan Documentary,
3931,Unmade Beds,
3932,Case 39,
3933,The X Files: I Want to Believe,
3934,The Gospel According to André,
3935,A Good Old Fashioned Orgy,
3936,Children of the Corn,
3937,The Osiris Child,
3938,Friday the 13th: The Final Chapter,
3939,Ballet 422,
3940,Shelley,
3941,The Escape,
3942,Where Hands Touch,
3943,The Myth of the American Sleepover,
3944,Jawline,
3945,Anchor and Hope,
3946,Antiviral,
3947,Flower,
3948,All Square,
3949,The Day Shall Come,
3950,Depraved,
3951,Wonder Park,
3952,Go Tigers!,
3953,Already Tomorrow in Hong Kong,
3954,We Are What We Are,
3955,Hungry Hearts,
3956,The Tall Man,
3957,Scenic Route,
3958,Ms. Purple,
3959,What Men Want,
3960,A Crooked Somebody,
3961,The Kid,
3962,Do I Sound Gay?,
3963,The Beach Bum,
3964,The Whistle Blower,
3965,Road Games,
3966,Let the Sunshine In,
3967,Wild Card,
3968,Æon Flux,
3969,Brick Mansions,
3970,Planet 51,
3971,Padre nuestro,
3972,Run the Race,
3973,Ramen Heads,
3974,Beyond the Gates,
3975,House of D,
3976,The Devil's Doorway,
3977,Changeland,
3978,The Year of Spectacular Men,
3979,In Paris,
3980,Trigun: Badlands Rumble,
3981,Digging for Fire,
3982,Before We Vanish,
3983,Here to be Heard: The Story of the Slits,
3984,The Lorax,
3985,Stella's Last Weekend,
3986,Kiki,
3987,Midnighters,
3988,The Brink,
3989,Damsel,
3990,Killing Them Safely,
3991,Conan the Barbarian,
3992,Family Law,
3993,Cantinflas,
3994,Madea's Big Happy Family,
3995,What We Become,
3996,Free Birds,
3997,Righteous Kill,
3998,I Still See You,
3999,Men with Brooms,
4000,The Girl King,
4001,Foxfire,
4002,WolfCop,
4003,Star Trek V: The Final Frontier,
4004,Pilgrimage,
4005,UglyDolls,
4006,Vita & Virginia,
4007,Dementia,
4008,Acrimony,
4009,Afro Samurai: Resurrection,
4010,Friday the 13th Part III,
4011,Fun in Acapulco,
4012,Mad to Be Normal,
4013,The Last Race,
4014,Undrafted,
4015,2:22,
4016,The Cleanse,
4017,Take My Nose... Please!,
4018,10x10,
4019,Harry Benson: Shoot First,
4020,The Reagan Show,
4021,"Race for Your Life, Charlie Brown",
4022,Fairy Tail the Movie: Phoenix Priestess,
4023,Tiny Toon Adventures: How I Spent My Vacation,
4024,Proxy,
4025,Welcome to Mercy,
4026,Permanent,
4027,Terminal,
4028,Walking with the Enemy,
4029,Crash Pad,
4030,Abduction,
4031,The Big Wedding,
4032,Spinning Man,
4033,Golden Exits,
4034,Madea's Witness Protection,
4035,Playing It Cool,
4036,Greener Grass,
4037,Errors of the Human Body,
4038,Spaceship Earth,
4039,The Quiet One,
4040,The Pink Panther 2,
4041,Phoenix Forgotten,
4042,The Duchess of Langeais,
4043,Texas Chainsaw 3D,
4044,Boom for Real: The Late Teenage Years of Jean-Michel Basquiat,
4045,American Folk,
4046,Curvature,
4047,The Alchemist Cookbook,
4048,"I, Frankenstein",
4049,Love After Love,
4050,The Houses October Built,
4051,Free Willy 2: The Adventure Home,
4052,11 Minutes,
4053,Running with the Devil,
4054,28 Hotel Rooms,
4055,Bolden,
4056,The Monkey King 3,
4057,Getting Go: The Go Doc Project,
4058,Sherlock Gnomes,
4059,Batman & Bill,
4060,Cruise,
4061,Distorted,
4062,The Numbers Station,
4063,In a Relationship,
4064,The Female Brain,
4065,Rags,
4066,The Gardener,
4067,100 Streets,
4068,Legendary,
4069,And So It Goes,
4070,Chef Flynn,
4071,6 Below: Miracle on the Mountain,
4072,Back in Time,
4073,Tamara,
4074,Grace Jones: Bloodlight and Bami,
4075,Racer and the Jailbird,
4076,Romeo & Juliet,
4077,Time Freak,
4078,Who Let the Dogs Out,
4079,The Cage Fighter,
4080,Hollow in the Land,
4081,Fun Size,
4082,Black Gold,
4083,Long Time Coming: A 1955 Baseball Story,
4084,A Kind of Murder,
4085,Barbie and the Three Musketeers,
4086,The Colony,
4087,Free Willy 3: The Rescue,
4088,Black Cop,
4089,Vault,
4090,Primal,
4091,Dark Shadows: The Haunting of Collinwood,
4092,Nobody's Fool,
4093,Bare,
4094,Once Upon a Time in Venice,
4095,Passage to Mars,
4096,Mapplethorpe,
4097,Gintama,
4098,Dr. Feelgood,
4099,The Burden,
4100,The Tomorrow Man,
4101,Pokémon the Movie: Volcanion and the Mechanical Marvel,
4102,Half Magic,
4103,Frank Serpico,
4104,Bangkok Dangerous,
4105,XX/XY,
4106,Girl Most Likely,
4107,ma ma,
4108,Havana Motor Club,
4109,Knives and Skin,
4110,Body at Brighton Rock,
4111,The Strange Ones,
4112,Legends of Oz: Dorothy's Return,
4113,Naz & Maalik,
4114,The Snow Queen 3: Fire and Ice,
4115,Black Rock,
4116,Loro 1,
4117,Banking on Bitcoin,
4118,The Cokeville Miracle,
4119,Trevor Noah: You Laugh But It's True,
4120,The Ramen Girl,
4121,Saint,
4122,The Boost,
4123,A Cinderella Christmas,
4124,Manglehorn,
4125,Matriarch,
4126,Neat: The Story of Bourbon,
4127,Sheep & Wolves,
4128,The Prince,
4129,The Mountain,
4130,Dr. T & the Women,
4131,Assassination Tango,
4132,The Pagan King,
4133,Sneakerheadz,
4134,Casa de los Babys,
4135,Trespassers,
4136,Tracktown,
4137,Serena,
4138,Barbie in A Mermaid Tale 2,
4139,Four Lovers,
4140,Barbie in 'A Christmas Carol',
4141,Stung,
4142,Blind,
4143,Food Choices,
4144,Dismissed,
4145,Trick,
4146,The Confessions,
4147,Wakko's Wish,
4148,K: Missing Kings,
4149,Sprung,
4150,Most Likely to Murder,
4151,Liz in September,
4152,Astral,
4153,Barbie: The Pearl Princess,
4154,Raze,
4155,A Teacher,
4156,Hannie Caulder,
4157,Daylight's End,
4158,Passport to Paris,
4159,Coffin Rock,
4160,The Thousand Faces of Dunjia,
4161,Damascus Cover,
4162,Wrinkles the Clown,
4163,Gator,
4164,Get Big,
4165,The Dinner,
4166,Into the Ashes,
4167,A Madea Family Funeral,
4168,Barbie & Her Sisters in the Great Puppy Adventure,
4169,Swindle,
4170,Lemon,
4171,Breakup at a Wedding,
4172,Radioflash,
4173,Action Point,
4174,Strategic Air Command,
4175,The Treasure,
4176,Tyrel,
4177,Some Kind of Hero,
4178,The Houses October Built 2,
4179,Repentance,
4180,We Die Young,
4181,Middle of Nowhere,
4182,The Layover,
4183,Ismael's Ghosts,
4184,The Challenge,
4185,Ride,
4186,Billboard Dad,
4187,American Gun,
4188,Devil's Gate,
4189,Contracted: Phase II,
4190,Silent Tongue,
4191,Along Came the Devil,
4192,Status Update,
4193,Noma: My Perfect Storm,
4194,Furry Vengeance,
4195,Coastlines,
4196,Wounds,
4197,Crawlers,
4198,Missing 411,
4199,Affairs of State,
4200,A Score to Settle,
4201,Almost Human,
4202,Making Plans for Lena,
4203,The Sweet Life,
4204,White Night Wedding,
4205,It Came from the Desert,
4206,Ballet Now,
4207,The Midnight Man,
4208,The Taste of Money,
4209,Getaway,
4210,Mass Effect: Paragon Lost,
4211,Trapped: The Alex Cooper Story,
4212,All Around Us,
4213,Barbie Presents: Thumbelina,
4214,Madonna and the Breakfast Club,
4215,The Sound of Silence,
4216,Don't Go,
4217,Ozzy,
4218,Tell Them Anything You Want: A Portrait of Maurice Sendak,
4219,Breaking the Girls,
4220,"Literally, Right Before Aaron",
4221,Inside,
4222,Pokémon the Movie: Diancie and the Cocoon of Destruction,
4223,The Simone Biles Story: Courage to Soar,
4224,Pokémon the Movie: Hoopa and the Clash of Ages,
4225,Curious George 2: Follow That Monkey!,
4226,I'll Come Running,
4227,Ron White: A Little Unprofessional,
4228,Out of the Dark,
4229,The Sender,
4230,Santa Hunters,
4231,Beers of Joy,
4232,Every Other Holiday,
4233,The Swan Princess: The Mystery of the Enchanted Kingdom,
4234,Blurt!,
4235,Eyes of an Angel,
4236,Good Time Max,
4237,Switching Goals,
4238,F*&% the Prom,
4239,Higher Power,
4240,Curious George: A Very Monkey Christmas,
4241,Monogamy,
4242,Barbie: A Perfect Christmas,
4243,Bernie the Dolphin,
4244,The Château,
4245,The Other Man,
4246,Above and Beyond: NASA's Journey to Tomorrow,
4247,35 and Ticking,
4248,Naughty & Nice,
4249,Victoria Gotti: My Father's Daughter,
4250,Respectable: The Mary Millington Story,
4251,Death Bell,
4252,We Are Columbine,
4253,The Appeared,
4254,Dragon Age: Dawn of the Seeker,
4255,Addicted to Sexting,
4256,RoboGeisha,
4257,Big Voice,
4258,Nina,
4259,Josie,
4260,The Con Is On,
4261,Feral,
4262,Second Chance Christmas,
4263,Eve's Christmas,
4264,A Guide to Second Date Sex,
4265,No Holds Barred,
4266,My Valentine,
4267,Killers Anonymous,
4268,Lewis Black: Old Yeller - Live at the Borgata,
4269,The Reunion,
4270,The Intended,
4271,Roller Dreams,
4272,Midnight Kiss,
4273,Allure,
4274,Concrete Kids,
4275,Into the Dark: I'm Just F*cking With You,
4276,Gilbert Gottfried: Dirty Jokes,
4277,Catching Faith,
4278,Penumbra,
4279,Kill Order,
4280,Paper Covers Rock,
4281,Racetime,
4282,Margaret Atwood: A Word After a Word After a Word Is Power,
4283,The Disappointments Room,
4284,Brad Paisley Thinks He's Special,
4285,Daphne & Velma,
4286,Albert,
4287,The Eternal,
4288,Faintheart,
4289,Slumber,
4290,Telescope,
4291,Tetsuo: The Bullet Man,
4292,Cover Versions,
4293,Warpath,
4294,"Good Morning, Killer",
4295,Rosy,
4296,Another Time,
4297,Beyond Paradise,
4298,Alive,
4299,Hide,
4300,Diary of a Hitman,
4301,Hellions,
4302,Funke,
4303,Backtrace,
4304,Where Do We Go from Here?,
4305,Narcopolis,
4306,Angels in the Snow,
4307,Crooked Hearts,
4308,Sex Guaranteed,
4309,Deck the Halls,
4310,Ghost Team,
4311,Crazy About Tiffany's,
4312,Curious George: Royal Monkey,
4313,A Fairytale Christmas,
4314,Inside Out,
4315,Person to Person,
4316,Savage Youth,
4317,Girlfriends of Christmas Past,
4318,My Santa,
4319,Robo-Dog: Airborne,
4320,More Barney songs,
4321,Let's Be Evil,
4322,Dark Shadows: The Vampire Curse,
4323,Rain,
4324,Urban Country,
4325,The Swan Princess: A Royal Family Tale,
4326,Monkey Business: The Adventures of Curious George's Creators,
4327,I Am Alone,
4328,Julian Schnabel: A Private Portrait,
4329,Brown Girl Begins,
4330,Nothing Is Truer than Truth,
4331,Songbird,
4332,Robo-Dog,
4333,Unbanned: The Legend of AJ1,
4334,A Man Alone,
4335,D.L. Hughley: Reset,
4336,Hornet's Nest,
4337,All About E,
4338,The Dark Side of The Sun,
4339,This One's for the Ladies,
4340,Bad Roomies,
4341,Random Tropical Paradise,
4342,Delivered,
4343,Last Flight,
4344,The Remains,
4345,Beneath the Darkness,
4346,The Box,
4347,In the Radiant City,
4348,Against the Wild II: Survive the Serengeti,
4349,Bigfoot Girl,
4350,The Eagle and the Hawk,
4351,A Mermaid's Tale,
4352,Beyond the Comfort Zone - 13 Countries to K2,
4353,Kill Thy Neighbor,
4354,Back to Christmas,
4355,PawParazzi,
4356,A Cam Life,
4357,Broken Star,
4358,Knights of the Damned,
4359,Monsters at Large,
4360,9/11: 15 years later,
4361,Cannabis Evolution,
4362,Sharp Edges,
4363,Ricochet,
4364,The Quest of Alain Ducasse,
4365,Benjamin,
4366,A Fairly Odd Christmas,
4367,EuroTrump,
4368,Holly's Holiday,
4369,"A Fairly Odd Movie: Grow Up, Timmy Turner!",
4370,Fan Girl,
4371,The Man Who Used to Be Me,
4372,So This Is Christmas,
4373,Santee,
4374,His and Her Christmas,
4375,Air Strike,
4376,The School,
4377,No Way Out,
4378,Cherry Pop,
4379,Treasure Hounds,
4380,Amy Winehouse - A Last Goodbye,
4381,I Love You Both,
4382,24 Hour Love,
4383,Pony Express,
4384,Bob The Builder: Can We Fix It?,
4385,After Darkness,
4386,Hunting JonBenet's Killer: The Untold Story,
4387,Barney's Night Before Christmas,
4388,The Unauthorized Saved by the Bell Story,
4389,10.0 Earthquake,
4390,Rodeo and Juliet,
4391,The Age of Reason,
4392,Hot Guys with Guns,
4393,Richard The Lionheart,
4394,Crimes of Fashion,
4395,A.R.C.H.I.E. 2: Mission Impawsible,
4396,The Armstrong Tapes,
4397,The Overbrook Brothers,
4398,"Michael Jackson: Life, Death and Legacy",
4399,Playin' for Love,
4400,Thomas & Friends: Songs from the Station,
4401,Step Dogs,
4402,Danny Roane: First Time Director,
4403,Against the Clock,
4404,Night of the Living Dead 3D,
4405,The Row,
4406,Law of the Lawless,
4407,The Tall Stranger,
4408,Pegasus: Pony With a Broken Wing,
4409,Billy the Kid,
4410,LeapFrog Letter Factory Adventures: Amazing Word Explorers,
4411,Where We Go from Here,
4412,My Dad Is Scrooge,
4413,LeapFrog: Adventures in Shapeville Park,
4414,12 Dog Days Till Christmas,
4415,The Lonely Man,
4416,Cartels,
4417,Asmodexia,
4418,The Push,
4419,The Swan Princess Christmas,
4420,The Coolest Guy Movie Ever: The Return to the Scene of The Great Escape,
4421,LeapFrog: The Magnificent Museum of Opposite Words,
4422,Dust 2 Glory,
4423,Gary Owen: I Agree With Myself,
4424,Leapfrog: Letter Factory Adventures - The Letter Machine Rescue Team,
4425,"Making a Killing: Guns, Greed and the NRA",
4426,Mutant Species,
4427,The Clintons: An American Odyssey,
4428,Boomtown,
4429,Pixi Saves Christmas,
4430,Night of the Living Dead: Resurrection,
4431,Man-Eating Python,
4432,Christmas with the Andersons,
4433,Alien Contact,
4434,"New Year, New You",
4435,Christmas Crush,
4436,The Damned (2013),
4437,Comrades & Cash: How Money Found Its Way Through the Iron Curtain,
4438,Legend of Heroes: Trails in the Sky,
